subject_id,age,ethnicity_group,face_height_mm,face_width_mm,facial_index,head_length_mm,head_breadth_mm,cephalic_index,interpupillary_distance_mm,ear_width_mm,ear_length_mm,ear_anchor_offset_x_mm,ear_anchor_offset_y_mm,nose_width_mm,jaw_width_mm,neck_length_mm,neck_width_mm,face_shape,skin_tone_fitzpatrick
S0001,23,Indo-Nepalese,118.1,122.0,96.8,183.3,143.7,78.4,56.2,29.8,57.4,8.5,12.84,35.8,104.9,94.2,97.7,Diamond,Type_V
S0002,18,Indigenous-Nepalese,114.5,116.2,98.54,180.9,146.4,80.93,65.6,32.6,57.3,6.49,13.41,31.8,99.1,102.8,104.2,Round,Type_IV
S0003,19,Indigenous-Nepalese,108.6,121.6,89.31,176.0,135.2,76.82,56.8,31.5,48.2,8.58,13.12,36.2,108.5,106.8,113.9,Heart,Type_IV
S0004,25,Tibeto-Nepalese,115.3,127.3,90.57,180.3,139.9,77.59,61.9,30.6,67.5,5.29,16.17,37.5,113.0,98.4,107.2,Square,Type_V
S0005,23,Indigenous-Nepalese,115.9,109.7,105.65,184.8,149.2,80.74,61.1,32.6,56.6,8.77,13.14,37.6,93.9,87.6,94.1,Square,Type_III
S0006,25,Tibeto-Nepalese,117.0,107.7,108.64,185.0,159.8,86.38,63.4,29.8,52.3,6.12,16.31,37.0,95.4,80.2,94.9,Heart,Type_V
S0007,22,Indigenous-Nepalese,119.5,117.5,101.7,195.1,143.0,73.3,62.9,32.5,55.3,8.87,11.61,35.2,102.2,95.7,100.8,Oblong,Type_IV
S0008,20,Indigenous-Nepalese,127.5,127.7,99.84,168.7,130,77.06,58.0,29.0,62.0,9.73,13.19,33.0,109.7,88.2,115.0,Heart,Type_III
S0009,21,Indo-Nepalese,117.1,132.6,88.31,189.3,158.0,83.47,65.3,37.4,51.9,7.33,13.48,34.5,116.4,102.0,111.0,Oblong,Type_IV
S0010,25,Indo-Nepalese,121.2,109.1,111.09,187.4,158.4,84.53,61.2,28.6,52.8,8.0,11.04,31.5,95.6,89.9,97.2,Oblong,Type_IV
S0011,20,Indigenous-Nepalese,116.4,122.2,95.25,162.9,130,79.8,65.0,29.6,56.9,9.14,15.54,38.3,100.1,92.3,100.7,Round,Type_III
S0012,24,Indigenous-Nepalese,118.9,129.0,92.17,177.6,130.6,73.54,62.3,38.9,59.9,7.22,14.2,33.4,110.0,99.3,105.6,Square,Type_IV
S0013,19,Indo-Nepalese,122.1,131.2,93.06,177.8,149.2,83.91,66.3,34.6,68,8.03,12.56,37.7,115.2,91.7,111.9,Round,Type_IV
S0014,20,Tibeto-Nepalese,119.2,132.1,90.23,175.9,146.6,83.34,54.6,33.0,64.4,9.82,13.05,35.6,116.7,104.5,127.3,Diamond,Type_III
S0015,25,Indigenous-Nepalese,116.0,128.3,90.41,180.6,144.0,79.73,63.6,30.2,65.5,9.2,17.39,40.0,114.3,109.4,119.7,Oblong,Type_III
S0016,23,Tibeto-Nepalese,105.2,125.0,84.16,178.3,153.5,86.09,63.9,36.2,54.9,8.58,12.01,37.1,101.9,97.9,105.7,Oblong,Type_III
S0017,25,Indo-Nepalese,109.0,113.3,96.2,184.3,150.7,81.77,60.6,29.4,58.1,8.69,11.97,34.4,99.7,79.7,104.1,Oval,Type_III
S0018,25,Indigenous-Nepalese,130.8,125.8,103.97,184.6,153.7,83.26,63.1,36.9,57.9,8.3,15.38,31.0,109.1,89.3,111.1,Oblong,Type_IV
S0019,21,Tibeto-Nepalese,119.8,126.7,94.55,179.5,144.6,80.56,62.1,34.7,55.8,6.16,14.83,34.3,109.0,84.2,116.8,Heart,Type_III
S0020,19,Tibeto-Nepalese,121.2,137.0,88.47,179.2,140.8,78.57,60.5,34.1,50.5,6.97,15.07,34.5,120.6,90.5,126.3,Heart,Type_IV
S0021,18,Tibeto-Nepalese,124.4,118.5,104.98,179.5,143.4,79.89,67.1,31.1,57.2,7.9,13.95,35.6,103.6,89.1,108.7,Diamond,Type_IV
S0022,24,Indo-Nepalese,109.9,130.1,84.47,180.1,137.7,76.46,62.2,33.8,68,9.04,17.49,35.0,113.9,99.9,118.0,Oblong,Type_III
S0023,19,Tibeto-Nepalese,112.1,129.7,86.43,177.3,149.5,84.32,64.3,33.6,64.2,9.07,14.06,36.1,113.5,97.0,116.9,Square,Type_V
S0024,21,Tibeto-Nepalese,108.4,130.6,83.0,185.5,146.7,79.08,67.5,35.5,61.0,9.41,14.25,37.7,113.0,95.2,120.2,Diamond,Type_V
S0025,24,Indigenous-Nepalese,115.9,108.8,106.53,175.5,145.6,82.96,58.4,26,48,9.89,13.31,31.9,92.2,98.9,95.9,Oval,Type_V
S0026,22,Tibeto-Nepalese,118.5,125.4,94.5,184.5,155.7,84.39,56.9,32.4,55.8,8.05,15.5,33.8,109.7,89.5,113.0,Square,Type_V
S0027,23,Indo-Nepalese,121.5,140.2,86.66,182.9,150.9,82.5,61.8,38.3,64.4,9.72,14.04,39.0,128.5,102.5,135,Heart,Type_III
S0028,22,Tibeto-Nepalese,115.9,132.4,87.54,179.9,157.5,87.55,60.7,38.4,68,8.34,11.63,35.4,108.9,88.9,111.2,Oblong,Type_V
S0029,20,Indo-Nepalese,108.3,129.7,83.5,174.6,139.1,79.67,61.1,31.6,66.6,6.92,11.0,33.4,118.7,96.2,123.3,Diamond,Type_V
S0030,21,Indo-Nepalese,119.2,112.0,106.43,182.7,144.0,78.82,62.8,31.3,48.4,6.83,12.18,33.8,93.9,108.4,95.9,Diamond,Type_V
S0031,19,Indigenous-Nepalese,114.0,110.9,102.8,169.4,137.5,81.17,62.9,28.2,52.0,7.13,12.82,32.9,97.2,92.5,101.9,Oval,Type_V
S0032,21,Indo-Nepalese,112.0,120.5,92.95,178.3,136.3,76.44,58.2,31.1,54.9,6.62,14.23,36.0,104.6,96.8,111.4,Diamond,Type_V
S0033,22,Tibeto-Nepalese,118.1,110.7,106.68,190.8,152.2,79.77,61.2,30.3,48.9,8.17,15.9,36.1,106.9,94.2,101.8,Round,Type_III
S0034,19,Indo-Nepalese,118.0,135.6,87.02,176.5,135.1,76.54,65.5,34.6,60.8,8.87,15.12,30.6,118.1,91.5,122.2,Heart,Type_V
S0035,25,Tibeto-Nepalese,120.3,122.6,98.12,178.6,148.1,82.92,62.1,32.5,57.4,5.71,17.0,38.4,104.8,79.3,105.9,Heart,Type_IV
S0036,19,Tibeto-Nepalese,127.5,131.5,96.96,176.7,144.9,82.0,60.3,38.7,63.5,7.55,13.23,37.4,113.6,89.8,123.0,Heart,Type_III
S0037,24,Indigenous-Nepalese,112.7,111.8,100.81,192.8,158.1,82.0,56.9,30.9,50.5,7.22,17.92,36.4,99.9,101.1,100.0,Diamond,Type_V
S0038,22,Tibeto-Nepalese,114.5,129.6,88.35,177.1,135.0,76.23,61.1,35.3,62.8,8.68,17.78,33.5,112.8,115,106.6,Heart,Type_IV
S0039,20,Indigenous-Nepalese,119.8,125.2,95.69,180.3,146.9,81.48,62.2,35.3,50.9,6.94,14.0,32.7,105.0,99.7,104.4,Oval,Type_IV
S0040,22,Indigenous-Nepalese,120.8,129.1,93.57,181.3,134.8,74.35,62.0,35.5,58.2,7.88,15.35,33.1,114.8,109.0,114.5,Oval,Type_III
S0041,18,Tibeto-Nepalese,103.3,119.7,86.3,172.8,139.8,80.9,64.9,31.9,62.5,7.0,16.96,30.3,104.2,98.6,109.1,Diamond,Type_III
S0042,25,Indo-Nepalese,116.0,132.0,87.88,181.4,146.2,80.6,60.1,38.5,58.8,7.79,14.89,35.0,120.5,93.8,120.7,Oval,Type_IV
S0043,21,Tibeto-Nepalese,128.4,123.0,104.39,190.7,152.6,80.02,64.4,32.7,54.5,10.1,14.11,37.7,106.1,94.5,103.0,Oval,Type_III
S0044,21,Tibeto-Nepalese,124.6,130.1,95.77,175.3,144.6,82.49,63.2,32.4,62.7,6.15,14.12,34.6,109.6,94.3,112.1,Square,Type_V
S0045,19,Indo-Nepalese,116.6,118.7,98.23,182.5,141.2,77.37,59.6,32.0,56.9,7.63,12.24,32.8,106.5,89.8,109.9,Oblong,Type_III
S0046,24,Indo-Nepalese,120.9,122.5,98.69,200,161.6,80.8,62.7,34.9,58.8,10.0,11.77,34.2,93.9,101.1,94.4,Round,Type_V
S0047,25,Indo-Nepalese,126.2,119.1,105.96,192.8,135.3,70.18,60.5,32.1,57.1,8.23,10.72,37.2,98.0,90.3,95.1,Square,Type_IV
S0048,19,Indo-Nepalese,116.7,133.4,87.48,177.6,134.6,75.79,61.4,33.5,68,6.33,14.41,35.1,121.7,89.0,126.8,Heart,Type_III
S0049,18,Tibeto-Nepalese,119.3,125.0,95.44,176.8,137.3,77.66,58.2,38.6,64.9,8.54,12.48,30.4,107.0,106.5,102.7,Oval,Type_III
S0050,21,Indo-Nepalese,100.2,115.8,86.53,184.7,154.8,83.81,61.0,30.8,58.1,5.25,14.17,36.5,106.5,94.0,100.7,Round,Type_V
S0051,21,Tibeto-Nepalese,112.0,129.7,86.35,184.0,137.5,74.73,59.2,34.3,63.0,9.04,12.78,33.0,110.6,93.8,110.9,Oval,Type_IV
S0052,19,Indo-Nepalese,123.4,125.7,98.17,186.7,147.3,78.9,58.9,33.7,63.0,6.69,12.15,35.0,102.1,93.0,102.4,Square,Type_IV
S0053,22,Indigenous-Nepalese,121.9,123.3,98.86,181.5,153.0,84.3,62.8,34.5,56.0,10.57,14.25,35.7,107.2,100.6,103.2,Oval,Type_V
S0054,25,Indo-Nepalese,122.7,122.1,100.49,186.8,155.5,83.24,56.7,33.1,56.5,7.84,14.87,37.2,115.4,80.0,112.4,Square,Type_V
S0055,20,Tibeto-Nepalese,109.3,113.0,96.73,181.6,144.6,79.63,58.7,27.3,52.3,8.27,13.71,35.5,99.3,95.0,100.3,Oval,Type_IV
S0056,24,Indigenous-Nepalese,109.2,106.4,102.63,189.0,152.9,80.9,61.9,26,49.9,6.21,15.75,34.2,91.0,84.3,91.7,Heart,Type_V
S0057,22,Tibeto-Nepalese,117.4,135.8,86.45,180.0,145.2,80.67,62.1,30.5,62.8,8.12,14.34,31.1,115.6,89.1,108.8,Heart,Type_III
S0058,24,Indo-Nepalese,120.9,134.7,89.76,175.5,146.2,83.3,60.0,36.1,63.6,6.37,13.18,35.9,116.3,89.8,115.5,Oblong,Type_III
S0059,20,Tibeto-Nepalese,124.5,122.0,102.05,185.0,146.4,79.14,56.5,32.7,59.6,7.84,17.02,38.7,110.3,93.7,122.0,Heart,Type_III
S0060,20,Indigenous-Nepalese,118.6,130.0,91.23,177.2,130.4,73.59,65.4,35.4,58.5,8.24,15.78,32.9,112.7,99.0,117.3,Diamond,Type_III
S0061,18,Indigenous-Nepalese,109.5,130.6,83.84,178.9,137.6,76.91,59.6,36.6,65.3,6.31,13.08,33.5,113.6,102.4,112.3,Round,Type_III
S0062,18,Indigenous-Nepalese,124.9,131.0,95.34,181.3,135.5,74.74,63.5,37.0,54.0,8.45,12.31,37.0,115.5,86.0,124.0,Oblong,Type_V
S0063,18,Indo-Nepalese,114.8,121.8,94.25,180.7,132.1,73.1,60.9,32.4,53.1,7.97,14.93,34.6,113.6,75.5,114.9,Round,Type_III
S0064,25,Tibeto-Nepalese,129.4,109.4,118.28,177.8,148.6,83.58,66.2,29.9,50.6,6.81,16.44,37.4,101.1,92.8,110.5,Round,Type_IV
S0065,25,Indo-Nepalese,111.3,114.7,97.04,182.5,153.0,83.84,62.7,32.8,51.7,7.27,13.18,36.8,100.5,89.3,102.7,Square,Type_IV
S0066,19,Tibeto-Nepalese,125.9,121.5,103.62,181.6,135.1,74.39,65.2,31.6,68,7.0,13.21,35.2,101.8,100.5,109.9,Oval,Type_IV
S0067,22,Tibeto-Nepalese,101.4,109.2,92.86,173.1,133.2,76.95,61.6,29.2,53.0,8.14,12.57,33.3,90,93.7,93.5,Diamond,Type_III
S0068,18,Indo-Nepalese,123.5,128.2,96.33,182.1,151.1,82.98,63.9,34.7,65.4,7.31,13.35,33.3,108.5,106.7,118.3,Round,Type_V
S0069,20,Tibeto-Nepalese,123.2,133.4,92.35,190.4,142.7,74.95,60.3,36.7,68,8.12,12.45,34.3,113.4,88.6,122.5,Round,Type_III
S0070,18,Indo-Nepalese,117.9,119.0,99.08,182.6,147.8,80.94,63.5,32.6,54.7,6.67,12.29,35.7,107.0,84.3,108.4,Diamond,Type_V
S0071,24,Indigenous-Nepalese,122.3,127.1,96.22,181.3,147.2,81.19,66.1,31.0,59.4,7.87,15.66,32.0,104.5,97.7,103.7,Oval,Type_IV
S0072,21,Indigenous-Nepalese,122.9,125.7,97.77,183.5,146.8,80.0,57.4,35.7,53.5,7.85,16.28,31.4,112.0,89.2,113.7,Diamond,Type_III
S0073,19,Indigenous-Nepalese,118.1,130.2,90.71,183.0,158.4,86.56,66.8,33.2,56.9,10.19,13.37,36.5,117.9,89.2,117.8,Oblong,Type_IV
S0074,25,Indigenous-Nepalese,111.8,112.9,99.03,168.9,130,76.97,63.6,28.3,51.5,8.4,16.44,39.2,101.7,96.1,104.5,Oval,Type_V
S0075,20,Tibeto-Nepalese,116.7,136.3,85.62,185.7,149.3,80.4,61.8,35.6,65.0,8.15,15.89,32.2,121.8,112.7,117.2,Diamond,Type_IV
S0076,19,Indo-Nepalese,117.6,121.5,96.79,185.3,162.3,87.59,63.2,33.7,51.7,8.77,11.73,34.7,107.3,105.3,113.6,Round,Type_IV
S0077,23,Tibeto-Nepalese,117.5,122.5,95.92,181.8,151.4,83.28,61.3,30.3,52.9,10.79,10.49,34.9,105.9,93.7,104.1,Oval,Type_IV
S0078,25,Indigenous-Nepalese,125.5,128.5,97.67,184.7,144.7,78.34,56.6,32.3,58.6,6.66,14.86,34.2,118.0,101.5,121.8,Oval,Type_IV
S0079,20,Tibeto-Nepalese,106.6,107.2,99.44,172.8,137.4,79.51,64.5,31.9,52.5,7.67,16.15,39.3,93.7,86.3,100.4,Oval,Type_V
S0080,23,Tibeto-Nepalese,129.3,123.4,104.78,191.1,162.7,85.14,58.9,29.7,60.4,7.29,15.1,32.5,109.4,105.1,122.5,Diamond,Type_III
S0081,25,Indo-Nepalese,113.6,110.9,102.43,182.2,135.3,74.26,60.1,31.1,55.7,9.91,12.45,31.8,98.2,102.1,100.9,Round,Type_IV
S0082,25,Indigenous-Nepalese,119.6,113.6,105.28,178.6,145.1,81.24,64.1,29.0,48,8.39,14.87,34.9,101.9,90.6,103.6,Square,Type_III
S0083,22,Indigenous-Nepalese,117.3,128.8,91.07,179.5,139.6,77.77,63.1,35.5,59.1,8.95,13.87,36.1,114.7,91.8,120.8,Oval,Type_IV
S0084,24,Indigenous-Nepalese,119.6,118.1,101.27,200,159.5,79.75,62.5,31.3,61.5,8.89,14.05,37.0,98.4,85.8,97.4,Round,Type_V
S0085,21,Indigenous-Nepalese,120.2,125.7,95.62,177.1,143.9,81.25,60.1,28.3,59.0,9.21,13.76,33.8,111.9,88.0,122.9,Oblong,Type_V
S0086,20,Indigenous-Nepalese,116.7,125.9,92.69,182.9,154.2,84.31,56.3,35.0,60.8,8.38,16.8,36.4,108.8,86.6,117.9,Heart,Type_V
S0087,21,Indigenous-Nepalese,117.0,122.6,95.43,183.8,140.2,76.28,59.2,36.0,48,8.98,14.87,37.4,112.1,90.0,109.5,Square,Type_IV
S0088,24,Tibeto-Nepalese,118.7,116.5,101.89,183.0,155.3,84.86,59.7,29.6,50.1,8.79,14.97,30.5,106.4,115,106.1,Heart,Type_IV
S0089,21,Indo-Nepalese,126.1,133.5,94.46,185.6,138.7,74.73,58.4,36.2,64.1,11.06,12.45,37.6,119.2,82.5,117.7,Oblong,Type_V
S0090,20,Tibeto-Nepalese,109.4,125.3,87.31,192.8,153.4,79.56,64.9,33.3,62.9,8.03,14.12,34.7,106.0,95.2,111.7,Heart,Type_IV
S0091,24,Indigenous-Nepalese,109.1,116.4,93.73,171.6,149.3,87.0,62.4,30.3,58.3,5.7,14.21,33.8,103.7,85.7,106.4,Oval,Type_V
S0092,22,Tibeto-Nepalese,110.4,124.1,88.96,176.2,143.7,81.56,60.5,28.8,60.1,8.31,15.77,32.1,106.9,87.2,98.2,Oval,Type_V
S0093,22,Indo-Nepalese,116.6,118.5,98.4,193.8,162.1,83.64,61.2,30.5,58.4,8.85,14.95,32.8,99.3,92.0,106.4,Round,Type_IV
S0094,20,Indigenous-Nepalese,107.8,117.0,92.14,175.3,143.5,81.86,64.0,30.2,50.6,7.61,15.93,28,108.8,92.9,108.5,Square,Type_V
S0095,18,Indo-Nepalese,109.9,114.6,95.9,187.7,147.4,78.53,65.3,30.2,48,8.25,16.8,35.7,97.5,90.2,101.9,Heart,Type_V
S0096,21,Tibeto-Nepalese,110.2,118.2,93.23,184.9,134.9,72.96,60.0,30.3,62.2,6.83,15.21,34.6,107.0,105.8,108.2,Oval,Type_IV
S0097,21,Tibeto-Nepalese,113.6,123.0,92.36,185.0,147.5,79.73,65.0,32.7,53.7,7.59,12.38,34.0,107.9,96.5,112.2,Diamond,Type_III
S0098,24,Indigenous-Nepalese,122.1,115.8,105.44,190.4,146.5,76.94,56.1,31.4,54.7,6.88,12.12,36.4,105.3,100.3,104.2,Oval,Type_V
S0099,18,Tibeto-Nepalese,114.7,127.0,90.31,178.0,152.8,85.84,63.3,32.6,60.2,8.05,11.84,33.9,114.3,90.5,108.1,Heart,Type_V
S0100,24,Tibeto-Nepalese,125.7,121.9,103.12,186.3,130,69.78,56.7,31.7,55.1,8.19,11.75,37.1,108.1,103.4,106.6,Heart,Type_III
S0101,18,Indigenous-Nepalese,99.4,112.6,88.28,185.1,144.0,77.8,64.2,31.7,51.9,9.54,11.17,36.0,100.8,91.7,102.7,Round,Type_V
S0102,19,Tibeto-Nepalese,108.9,111.7,97.49,174.0,130,74.71,63.4,29.6,61.5,7.96,13.73,38.1,97.6,96.3,98.1,Square,Type_IV
S0103,20,Tibeto-Nepalese,112.9,118.6,95.19,192.7,150.2,77.94,60.1,31.8,57.3,7.87,15.03,34.6,104.5,86.9,107.4,Square,Type_V
S0104,23,Tibeto-Nepalese,114.5,115.4,99.22,191.6,145.2,75.78,57.4,26.9,49.6,7.97,13.69,37.3,105.7,77.3,101.9,Round,Type_IV
S0105,24,Indigenous-Nepalese,123.9,114.2,108.49,182.8,154.2,84.35,60.8,28.5,53.2,8.7,16.68,33.1,99.9,88.9,107.2,Oblong,Type_III
S0106,22,Indigenous-Nepalese,112.4,137.0,82.04,167.8,132.6,79.02,63.4,31.8,61.5,8.61,16.85,36.6,117.9,86.2,115.8,Heart,Type_V
S0107,21,Tibeto-Nepalese,116.5,123.1,94.64,175.5,146.2,83.3,59.2,32.2,61.3,8.46,12.62,34.8,108.7,89.3,108.0,Round,Type_III
S0108,19,Indo-Nepalese,118.8,123.8,95.96,176.6,135.4,76.67,60.7,33.9,50.2,8.06,18.07,30.6,108.0,89.2,113.6,Oval,Type_III
S0109,23,Indigenous-Nepalese,118.6,130.4,90.95,179.6,141.7,78.9,63.9,39.8,55.9,7.36,14.93,39.9,113.1,98.3,109.6,Oblong,Type_III
S0110,22,Indo-Nepalese,106.2,127.5,83.29,200,158.6,79.3,62.6,36.3,60.5,7.62,12.0,37.7,104.2,102.0,101.8,Oval,Type_V
S0111,19,Tibeto-Nepalese,121.1,121.6,99.59,195.3,165.6,84.79,60.0,32.3,59.1,7.06,14.27,38.5,109.9,110.8,113.5,Oblong,Type_III
S0112,18,Tibeto-Nepalese,119.2,123.0,96.91,171.3,130,75.89,55.0,34.0,58.3,8.09,9.74,34.2,104.2,84.4,102.5,Oval,Type_IV
S0113,23,Tibeto-Nepalese,120.3,123.8,97.17,177.8,142.7,80.26,62.1,34.3,57.6,7.83,13.76,33.6,116.0,98.9,120.3,Square,Type_V
S0114,20,Tibeto-Nepalese,133.3,142.3,93.68,177.8,141.1,79.36,62.9,40,68,7.61,15.18,36.7,126.5,89.0,135,Round,Type_V
S0115,25,Indigenous-Nepalese,113.1,130.6,86.6,186.3,155.3,83.36,62.2,35.4,57.9,7.57,14.47,33.4,117.0,100.2,116.7,Oblong,Type_III
S0116,21,Indigenous-Nepalese,111.8,124.5,89.8,182.8,146.0,79.87,64.0,28.1,67.5,10.73,13.95,36.5,110.1,97.1,111.4,Diamond,Type_IV
S0117,20,Indigenous-Nepalese,119.6,138.4,86.42,179.9,147.2,81.82,68.1,36.9,61.9,7.87,10.36,37.0,121.5,104.6,125.9,Round,Type_V
S0118,20,Indo-Nepalese,107.5,127.8,84.12,174.2,148.0,84.96,59.0,34.1,57.2,9.16,16.03,34.0,109.4,94.6,112.2,Diamond,Type_V
S0119,24,Indigenous-Nepalese,113.8,132.4,85.95,178.7,147.7,82.65,57.6,30.3,65.6,8.66,14.08,33.9,113.7,90.1,103.7,Oval,Type_III
S0120,23,Indigenous-Nepalese,115.6,115.0,100.52,181.6,137.4,75.66,61.4,29.4,53.6,7.51,10.77,36.2,97.8,93.2,96.0,Oval,Type_IV
S0121,19,Indigenous-Nepalese,116.3,114.4,101.66,173.5,137.2,79.08,69.5,31.2,53.9,8.75,15.09,35.9,99.9,93.3,107.0,Round,Type_IV
S0122,18,Indigenous-Nepalese,112.9,131.1,86.12,176.1,141.4,80.3,65.4,34.2,62.8,8.41,15.3,32.2,115.2,95.3,115.3,Oval,Type_IV
S0123,20,Indigenous-Nepalese,108.8,110.7,98.28,187.5,157.8,84.16,61.6,28.1,55.6,5.49,12.56,36.4,98.5,87.3,93.0,Square,Type_IV
S0124,24,Indo-Nepalese,123.6,135.6,91.15,172.6,143.0,82.85,59.0,38.5,63.1,6.75,15.35,34.5,120.0,92.0,118.3,Heart,Type_V
S0125,18,Tibeto-Nepalese,120.0,128.0,93.75,179.9,148.2,82.38,61.1,32.5,56.2,8.58,15.98,35.0,121.7,101.1,125.5,Diamond,Type_V
S0126,22,Indigenous-Nepalese,110.4,123.6,89.32,175.1,140.7,80.35,61.2,33.9,59.0,8.88,14.11,36.0,108.0,92.4,112.3,Oval,Type_V
S0127,22,Indo-Nepalese,117.8,114.3,103.06,184.1,150.3,81.64,63.4,31.8,50.9,8.55,14.03,35.9,93.2,90.9,91.3,Diamond,Type_IV
S0128,21,Indigenous-Nepalese,114.6,117.4,97.61,174.5,130.4,74.73,60.6,29.2,55.5,8.04,15.27,32.8,101.9,94.0,103.6,Square,Type_III
S0129,21,Tibeto-Nepalese,113.6,115.3,98.53,177.5,162.5,91.55,60.3,34.5,54.7,8.37,15.34,33.2,103.5,97.8,99.3,Oval,Type_V
S0130,21,Indigenous-Nepalese,117.2,128.8,90.99,178.0,138.9,78.03,64.5,32.7,55.1,9.31,11.3,31.5,111.4,94.5,106.1,Heart,Type_IV
S0131,20,Tibeto-Nepalese,116.6,124.5,93.65,182.9,136.7,74.74,54.3,33.2,54.5,7.45,14.77,30.6,105.5,90.4,103.1,Diamond,Type_IV
S0132,22,Tibeto-Nepalese,110.8,126.6,87.52,187.7,145.2,77.36,63.8,34.8,51.5,6.7,14.01,35.8,113.1,101.0,120.0,Oblong,Type_III
S0133,19,Tibeto-Nepalese,127.5,117.1,108.88,191.3,136.6,71.41,62.7,33.6,55.2,7.91,16.22,35.8,94.0,95.3,96.6,Heart,Type_V
S0134,24,Tibeto-Nepalese,114.3,114.2,100.09,182.4,142.3,78.02,58.8,31.3,53.5,8.16,15.83,31.7,99.3,98.9,100.3,Round,Type_IV
S0135,25,Tibeto-Nepalese,119.3,113.6,105.02,188.4,150.6,79.94,56.3,29.4,54.7,8.92,17.34,34.4,97.2,94.7,103.8,Oblong,Type_IV
S0136,20,Indigenous-Nepalese,114.4,116.5,98.2,190.1,147.2,77.43,61.8,32.4,59.3,7.11,12.99,38.1,101.2,102.5,104.3,Oval,Type_IV
S0137,18,Tibeto-Nepalese,118.5,121.1,97.85,183.7,147.1,80.08,64.3,36.0,49.4,7.01,15.71,33.4,106.9,98.9,107.1,Oblong,Type_V
S0138,19,Indo-Nepalese,120.0,121.3,98.93,184.5,134.0,72.63,61.1,28.9,52.1,8.18,14.11,35.2,102.3,93.5,100.6,Round,Type_III
S0139,22,Indigenous-Nepalese,126.6,138.0,91.74,176.4,137.9,78.17,59.5,37.6,68,8.85,10.04,32.3,114.7,98.9,117.0,Oblong,Type_III
S0140,23,Indo-Nepalese,126.9,126.4,100.4,174.4,136.4,78.21,65.9,36.5,57.9,8.85,13.58,32.3,113.8,96.2,119.9,Diamond,Type_IV
S0141,18,Indo-Nepalese,119.5,128.2,93.21,181.4,145.7,80.32,64.3,32.4,57.5,8.82,15.13,33.6,105.8,79.4,99.7,Oblong,Type_III
S0142,24,Indo-Nepalese,111.9,132.3,84.58,183.3,141.2,77.03,63.2,40,63.1,8.03,14.95,36.0,119.8,97.2,116.3,Heart,Type_III
S0143,20,Tibeto-Nepalese,124.5,116.3,107.05,169.4,147.5,87.07,63.7,36.5,51.7,7.97,13.09,35.3,100.4,89.4,106.7,Square,Type_V
S0144,21,Tibeto-Nepalese,112.9,117.7,95.92,179.0,145.7,81.4,60.7,28.4,54.7,7.74,17.07,32.5,105.8,89.1,106.4,Heart,Type_V
S0145,19,Indigenous-Nepalese,129.1,130.9,98.62,177.5,151.4,85.3,65.2,37.0,58.0,9.08,13.81,35.8,112.8,100.0,120.1,Square,Type_IV
S0146,24,Tibeto-Nepalese,120.0,133.0,90.23,167.7,136.5,81.4,61.0,35.3,63.2,7.24,11.6,33.7,119.0,88.7,115.2,Round,Type_IV
S0147,23,Indigenous-Nepalese,120.6,129.4,93.2,180.7,154.4,85.45,63.0,38.3,55.8,8.93,11.25,36.6,116.1,105.2,112.2,Round,Type_V
S0148,21,Indigenous-Nepalese,108.8,120.4,90.37,182.1,155.4,85.34,59.9,27.0,52.2,9.56,15.98,32.3,98.3,102.0,96.6,Diamond,Type_III
S0149,21,Indigenous-Nepalese,125.5,134.8,93.1,185.8,164.6,88.59,62.3,34.7,61.6,6.87,13.95,30.9,116.9,98.2,123.9,Square,Type_V
S0150,25,Indigenous-Nepalese,126.2,121.2,104.13,185.6,140.5,75.7,63.5,33.4,55.8,8.03,13.46,33.8,99.1,94.3,106.1,Diamond,Type_III
S0151,22,Indo-Nepalese,116.5,128.7,90.52,180.2,146.8,81.47,61.0,33.2,58.3,6.72,11.2,35.4,117.9,95.4,124.8,Diamond,Type_IV
S0152,20,Indigenous-Nepalese,123.1,132.5,92.91,189.0,144.2,76.3,67.0,31.0,59.8,8.86,16.33,33.1,112.7,96.4,106.5,Oval,Type_V
S0153,22,Indo-Nepalese,120.1,120.5,99.67,187.3,152.1,81.21,63.4,35.6,54.6,8.19,13.09,37.2,103.4,98.5,106.0,Heart,Type_III
S0154,23,Indigenous-Nepalese,114.2,124.5,91.73,180.7,136.9,75.76,62.2,34.3,62.9,10.69,14.21,33.1,104.2,105.0,103.9,Square,Type_V
S0155,21,Indo-Nepalese,118.3,125.2,94.49,184.0,133.3,72.45,61.5,34.9,53.5,6.23,14.98,34.4,110.5,81.2,112.5,Round,Type_V
S0156,23,Tibeto-Nepalese,116.8,116.9,99.91,185.8,161.0,86.65,59.1,31.1,56.0,9.69,16.02,42,94.6,93.0,97.2,Round,Type_IV
S0157,24,Tibeto-Nepalese,95.5,120.8,79.06,174.1,133.4,76.62,63.3,33.5,60.1,9.3,9.93,38.5,107.5,88.1,110.5,Oval,Type_V
S0158,24,Indo-Nepalese,115.7,131.6,87.92,192.1,145.7,75.85,61.9,33.5,65.4,6.87,11.09,36.2,113.1,92.7,120.1,Oblong,Type_V
S0159,23,Indigenous-Nepalese,119.7,125.1,95.68,178.5,149.9,83.98,68.5,32.3,65.8,5.57,16.43,34.3,109.3,92.6,108.8,Square,Type_V
S0160,24,Tibeto-Nepalese,106.8,114.2,93.52,183.2,144.5,78.88,64.4,30.8,52.8,8.68,16.51,34.0,99.8,91.1,98.5,Oblong,Type_IV
S0161,23,Indigenous-Nepalese,124.1,124.5,99.68,181.7,150.6,82.88,64.0,32.8,58.2,7.15,15.36,32.3,110.4,105.3,111.8,Heart,Type_III
S0162,19,Indigenous-Nepalese,107.9,118.4,91.13,181.2,151.5,83.61,63.3,33.8,57.2,8.99,12.28,34.1,97.2,112.2,107.0,Diamond,Type_V
S0163,19,Tibeto-Nepalese,111.7,127.9,87.33,190.4,169.3,88.92,57.3,32.3,64.5,9.57,15.24,35.6,110.8,95.9,110.5,Square,Type_III
S0164,20,Tibeto-Nepalese,119.0,120.9,98.43,180.4,149.1,82.65,61.8,35.1,60.7,7.3,15.36,37.1,99.7,94.9,101.1,Square,Type_III
S0165,21,Tibeto-Nepalese,115.4,114.3,100.96,176.9,147.9,83.61,62.9,28.5,51.4,8.84,13.62,34.6,101.6,92.0,99.8,Oval,Type_V
S0166,25,Indo-Nepalese,119.9,133.8,89.61,174.2,144.2,82.78,63.3,39.3,68,9.25,12.09,36.6,111.8,95.0,129.4,Square,Type_IV
S0167,18,Indo-Nepalese,119.9,121.5,98.68,167.8,134.1,79.92,62.2,31.7,59.8,10.02,13.23,33.0,103.6,95.7,108.0,Oblong,Type_V
S0168,19,Tibeto-Nepalese,114.2,117.4,97.27,186.3,156.9,84.22,59.4,32.6,55.5,7.13,15.55,33.0,100.5,94.5,102.9,Oblong,Type_IV
S0169,23,Indo-Nepalese,118.8,132.8,89.46,184.1,147.1,79.9,65.0,38.5,61.6,8.95,12.6,35.1,111.1,91.1,126.7,Oval,Type_V
S0170,19,Indo-Nepalese,117.8,117.3,100.43,172.2,133.4,77.47,59.7,30.4,61.5,9.98,10.95,34.2,99.3,96.0,94.8,Oblong,Type_V
S0171,21,Tibeto-Nepalese,110.4,132.9,83.07,176.5,150.7,85.38,59.3,30.5,63.2,6.61,16.58,32.6,117.9,94.9,123.0,Diamond,Type_IV
S0172,24,Tibeto-Nepalese,109.5,140.1,78.16,189.3,160.5,84.79,60.7,40,68,7.98,16.34,32.0,112.7,99.4,116.3,Oval,Type_V
S0173,20,Tibeto-Nepalese,105.9,103.3,102.52,174.5,149.0,85.39,56.1,29.3,51.8,8.57,15.17,33.8,90,96.6,93.3,Diamond,Type_III
S0174,21,Indo-Nepalese,114.0,129.4,88.1,184.8,136.1,73.65,58.5,33.4,58.3,7.69,9.4,34.3,111.6,100.6,105.3,Square,Type_V
S0175,20,Indo-Nepalese,124.8,127.8,97.65,189.1,143.7,75.99,63.9,33.2,56.6,9.77,12.91,33.2,109.7,88.9,116.1,Oval,Type_III
S0176,23,Tibeto-Nepalese,123.8,126.9,97.56,181.5,158.9,87.55,59.8,36.0,59.9,7.41,12.71,32.0,113.4,97.2,113.4,Oval,Type_III
S0177,21,Indo-Nepalese,113.3,108.9,104.04,177.8,147.5,82.96,59.1,31.7,52.3,7.48,16.34,34.5,95.3,105.3,98.9,Oval,Type_V
S0178,22,Indigenous-Nepalese,118.7,115.6,102.68,162.9,130,79.8,62.5,26,52.8,8.11,14.18,31.8,101.3,96.1,99.5,Diamond,Type_III
S0179,24,Indo-Nepalese,114.4,134.3,85.18,188.3,157.2,83.48,63.7,40,62.5,9.64,13.7,30.3,122.3,84.3,125.8,Square,Type_V
S0180,21,Tibeto-Nepalese,123.6,114.4,108.04,181.1,140.5,77.58,59.7,31.2,49.6,6.84,17.48,37.7,103.0,104.9,107.4,Heart,Type_V
S0181,23,Indo-Nepalese,123.4,125.1,98.64,187.7,146.1,77.84,58.7,29.1,59.3,8.05,13.66,33.4,106.8,100.3,105.9,Heart,Type_III
S0182,20,Tibeto-Nepalese,125.8,126.9,99.13,171.3,135.8,79.28,67.1,34.7,56.4,7.32,15.81,36.0,109.0,90.9,105.8,Heart,Type_III
S0183,18,Indo-Nepalese,109.2,131.8,82.85,193.6,158.7,81.97,59.2,36.1,68,10.17,12.71,31.4,119.7,108.5,124.8,Oblong,Type_V
S0184,23,Indo-Nepalese,117.5,129.0,91.09,174.2,133.6,76.69,64.0,31.9,55.5,7.14,14.98,37.4,109.1,98.2,117.1,Oval,Type_III
S0185,20,Indigenous-Nepalese,111.4,115.4,96.53,178.4,131.8,73.88,67.8,32.2,55.6,8.23,18.61,33.4,100.2,94.9,103.0,Diamond,Type_V
S0186,19,Indigenous-Nepalese,113.3,133.8,84.68,188.5,156.9,83.24,60.9,37.1,68,9.44,12.04,34.9,118.9,94.7,123.1,Oval,Type_III
S0187,18,Tibeto-Nepalese,101.9,128.8,79.11,181.3,151.4,83.51,65.3,35.0,59.5,9.05,9.18,38.8,112.0,89.1,109.3,Heart,Type_III
S0188,24,Tibeto-Nepalese,126.1,128.7,97.98,173.5,146.7,84.55,59.6,34.5,65.1,9.84,13.8,34.2,100.2,100.1,96.9,Oval,Type_V
S0189,18,Indigenous-Nepalese,121.2,135.7,89.31,177.5,151.1,85.13,59.8,35.4,63.7,7.99,13.92,30.8,112.6,94.4,118.1,Diamond,Type_V
S0190,24,Tibeto-Nepalese,115.5,123.8,93.3,175.2,130.6,74.54,61.3,32.0,54.7,6.96,12.37,35.5,112.7,93.5,124.8,Heart,Type_V
S0191,23,Indigenous-Nepalese,111.7,115.2,96.96,184.6,147.7,80.01,61.9,28.5,54.5,8.7,12.21,37.4,103.2,104.0,109.7,Diamond,Type_III
S0192,23,Tibeto-Nepalese,110.1,141.4,77.86,192.7,147.0,76.28,63.8,36.8,61.9,6.83,15.99,33.3,122.5,91.8,121.6,Square,Type_IV
S0193,19,Tibeto-Nepalese,108.4,115.4,93.93,185.9,156.7,84.29,63.4,30.8,48.5,8.12,12.43,33.1,101.2,89.6,103.1,Square,Type_III
S0194,20,Tibeto-Nepalese,116.0,123.9,93.62,176.5,138.8,78.64,64.0,33.5,56.4,6.44,11.31,35.7,111.5,97.7,107.8,Square,Type_III
S0195,25,Tibeto-Nepalese,123.8,115.5,107.19,180.0,151.1,83.94,58.5,27.3,51.8,8.95,10.4,32.6,103.8,113.7,104.9,Diamond,Type_III
S0196,23,Indo-Nepalese,122.4,116.5,105.06,185.7,142.5,76.74,63.7,34.1,52.4,8.15,13.17,30.2,98.2,92.6,96.2,Heart,Type_III
S0197,19,Tibeto-Nepalese,118.8,120.5,98.59,182.0,144.6,79.45,62.1,33.7,48,7.29,13.56,36.9,101.8,100.4,110.5,Oblong,Type_III
S0198,19,Tibeto-Nepalese,127.1,132.3,96.07,188.2,148.2,78.75,61.8,33.4,55.8,7.6,14.07,34.2,111.3,75,105.6,Oval,Type_V
S0199,20,Tibeto-Nepalese,123.3,119.1,103.53,200,160.9,80.45,61.5,33.5,54.6,8.85,15.45,32.8,99.9,94.5,105.1,Heart,Type_IV
S0200,22,Tibeto-Nepalese,117.8,126.2,93.34,184.2,140.4,76.22,61.4,30.7,60.1,7.01,13.14,35.5,107.4,103.4,106.9,Oval,Type_V
S0201,23,Indo-Nepalese,114.9,116.0,99.05,176.3,138.6,78.62,61.0,35.0,52.7,9.83,14.78,32.2,93.1,99.9,90,Oval,Type_III
S0202,24,Indigenous-Nepalese,120.0,129.6,92.59,184.7,157.6,85.33,58.4,34.0,60.6,7.65,11.11,35.8,115.1,92.7,109.9,Round,Type_V
S0203,20,Indo-Nepalese,107.0,126.2,84.79,174.2,138.6,79.56,62.4,34.6,61.8,8.27,15.41,32.0,106.1,97.8,114.7,Round,Type_III
S0204,20,Tibeto-Nepalese,114.5,110.6,103.53,186.9,143.8,76.94,60.4,28.2,51.0,8.9,13.16,35.6,94.6,101.4,90,Heart,Type_III
S0205,23,Tibeto-Nepalese,121.8,127.7,95.38,175.9,131.8,74.93,62.6,35.4,61.2,8.99,13.59,35.4,107.8,103.8,111.5,Oblong,Type_V
S0206,19,Tibeto-Nepalese,116.8,135.3,86.33,182.1,148.7,81.66,56.1,37.6,61.8,7.81,15.5,31.9,114.3,97.5,121.5,Round,Type_V
S0207,22,Indo-Nepalese,115.3,120.8,95.45,186.6,149.3,80.01,63.4,33.8,58.2,8.98,12.4,35.2,103.9,97.7,109.7,Diamond,Type_V
S0208,25,Indo-Nepalese,115.7,111.3,103.95,178.6,146.7,82.14,64.2,30.2,52.3,6.91,13.11,34.1,93.6,96.6,94.2,Diamond,Type_V
S0209,20,Tibeto-Nepalese,131.5,133.2,98.72,175.4,152.1,86.72,64.6,33.3,63.4,8.43,14.65,34.3,110.9,95.2,116.8,Round,Type_V
S0210,18,Indigenous-Nepalese,117.0,130.1,89.93,199.1,157.2,78.96,65.9,40,60.2,7.78,11.8,35.1,114.9,97.0,118.1,Diamond,Type_V
S0211,21,Indigenous-Nepalese,114.2,123.9,92.17,188.4,163.4,86.73,65.1,32.9,56.6,7.59,13.17,34.5,106.5,90.5,108.9,Oblong,Type_V
S0212,18,Indo-Nepalese,123.6,137.8,89.7,184.8,152.0,82.25,63.6,36.9,61.7,7.83,14.71,35.3,114.4,97.7,120.3,Heart,Type_IV
S0213,18,Indo-Nepalese,113.5,125.1,90.73,177.8,141.9,79.81,63.5,29.2,61.1,10.62,12.89,31.8,109.1,95.2,112.2,Oblong,Type_IV
S0214,19,Indigenous-Nepalese,114.0,122.5,93.06,178.5,133.0,74.51,57.9,32.8,55.6,7.77,12.37,38.0,114.7,89.2,110.3,Round,Type_IV
S0215,22,Indo-Nepalese,104.7,123.5,84.78,185.0,138.6,74.92,56.8,34.7,59.5,5.63,12.61,40.3,98.7,91.4,108.4,Square,Type_III
S0216,21,Indo-Nepalese,111.1,138.0,80.51,177.3,148.5,83.76,59.6,40,60.7,9.68,14.82,32.7,123.6,96.0,121.6,Heart,Type_IV
S0217,19,Indo-Nepalese,106.1,115.2,92.1,177.0,149.6,84.52,64.5,27.1,58.2,8.04,14.87,35.0,101.6,87.8,100.1,Square,Type_V
S0218,21,Indo-Nepalese,108.9,118.6,91.82,192.7,149.5,77.58,60.2,33.2,57.1,7.61,12.15,32.8,97.7,103.3,103.7,Oval,Type_IV
S0219,20,Tibeto-Nepalese,132.9,121.3,109.56,178.8,146.9,82.16,65.1,30.1,59.8,7.26,9.5,35.0,94.7,94.0,99.2,Round,Type_IV
S0220,18,Indo-Nepalese,120.2,138.0,87.1,179.4,143.8,80.16,66.2,34.2,58.5,6.45,9.35,34.8,113.2,93.0,113.4,Square,Type_V
S0221,24,Indo-Nepalese,115.8,116.9,99.06,181.4,151.2,83.35,60.2,34.6,51.2,5.4,14.23,34.2,99.4,87.8,101.1,Diamond,Type_III
S0222,24,Tibeto-Nepalese,114.0,122.6,92.99,189.8,157.8,83.14,65.3,26.8,59.8,7.86,14.02,36.6,105.5,101.4,116.3,Oblong,Type_III
S0223,24,Indo-Nepalese,107.7,123.8,87.0,179.7,155.7,86.64,61.0,36.0,48.2,9.59,12.07,31.8,106.1,88.4,114.7,Diamond,Type_IV
S0224,23,Indo-Nepalese,120.5,121.1,99.5,174.9,148.2,84.73,63.0,33.5,55.0,8.15,13.4,34.0,109.5,88.2,103.0,Oblong,Type_IV
S0225,24,Tibeto-Nepalese,116.5,129.0,90.31,175.9,156.4,88.91,63.0,36.5,58.5,8.22,13.88,37.2,104.7,107.7,106.5,Oblong,Type_IV
S0226,24,Indigenous-Nepalese,124.9,129.4,96.52,194.5,161.7,83.14,62.8,30.7,59.2,8.71,12.49,37.0,114.4,93.5,112.2,Square,Type_V
S0227,19,Tibeto-Nepalese,117.2,122.8,95.44,171.4,135.0,78.76,60.6,35.8,50.4,10.6,16.77,32.0,111.0,100.8,117.2,Diamond,Type_III
S0228,22,Indo-Nepalese,105.4,110.6,95.3,167.5,130,77.61,58.3,29.8,48.2,9.84,12.91,33.7,99.0,97.4,97.5,Round,Type_V
S0229,20,Indigenous-Nepalese,110.2,123.3,89.38,187.2,147.0,78.53,63.0,36.5,59.0,7.8,16.35,35.1,107.6,103.0,111.3,Diamond,Type_III
S0230,20,Indo-Nepalese,113.0,136.6,82.72,171.7,130,75.71,62.3,40,59.6,8.75,11.65,36.0,117.3,91.7,112.6,Oblong,Type_IV
S0231,19,Indigenous-Nepalese,111.6,116.5,95.79,170.2,130,76.38,60.8,33.1,48,6.94,14.34,35.2,99.6,94.6,104.3,Heart,Type_V
S0232,20,Tibeto-Nepalese,116.5,122.4,95.18,184.4,138.7,75.22,63.2,32.8,56.2,8.27,13.23,35.5,111.6,91.4,117.2,Oblong,Type_III
S0233,21,Indigenous-Nepalese,112.9,125.5,89.96,188.8,139.4,73.83,61.3,33.3,58.9,7.72,12.11,34.9,114.1,99.1,115.4,Heart,Type_IV
S0234,24,Indo-Nepalese,109.4,113.5,96.39,169.5,141.8,83.66,62.7,26.9,52.0,7.98,16.58,32.8,97.1,110.2,97.5,Oblong,Type_IV
S0235,21,Tibeto-Nepalese,114.6,121.1,94.63,188.0,161.4,85.85,67.6,34.6,63.4,8.22,14.74,31.5,105.7,90.0,108.1,Square,Type_V
S0236,18,Indigenous-Nepalese,113.8,108.7,104.69,171.0,141.1,82.51,62.4,33.3,51.4,7.7,11.5,34.7,97.6,100.5,104.3,Square,Type_IV
S0237,19,Indo-Nepalese,107.0,123.2,86.85,180.5,145.2,80.44,60.8,28.6,53.3,9.98,11.55,38.4,105.7,95.3,105.9,Round,Type_III
S0238,22,Indigenous-Nepalese,112.9,130.0,86.85,186.2,139.2,74.76,56.3,35.3,64.0,8.58,12.0,35.6,106.9,103.5,116.8,Heart,Type_III
S0239,20,Indo-Nepalese,124.7,133.9,93.13,180.4,144.0,79.82,65.4,28.9,68,9.08,14.67,37.8,123.3,87.4,122.4,Heart,Type_IV
S0240,21,Indo-Nepalese,118.4,132.7,89.22,197.2,155.0,78.6,63.2,34.1,60.9,8.41,15.89,32.4,112.6,92.8,110.2,Oval,Type_V
S0241,18,Tibeto-Nepalese,125.8,129.7,96.99,195.7,138.5,70.77,61.4,31.6,64.8,6.88,15.55,36.8,108.4,102.9,113.4,Oval,Type_IV
S0242,21,Indigenous-Nepalese,114.8,108.0,106.3,171.9,138.2,80.4,68.1,28.8,50.7,6.81,14.38,40.0,91.0,95.4,91.7,Oblong,Type_V
S0243,24,Tibeto-Nepalese,119.7,132.7,90.2,164.6,133.9,81.35,62.6,29.8,64.0,8.38,11.55,34.5,113.3,103.0,119.8,Oval,Type_III
S0244,18,Indigenous-Nepalese,115.2,121.9,94.5,179.6,134.5,74.89,60.4,33.2,52.3,7.52,11.45,33.2,103.4,90.4,100.8,Round,Type_III
S0245,20,Indigenous-Nepalese,110.6,127.3,86.88,189.3,159.1,84.05,62.9,36.5,68,10.1,12.39,34.4,115.9,101.8,123.5,Oval,Type_III
S0246,23,Tibeto-Nepalese,112.3,111.4,100.81,193.2,160.9,83.28,64.9,33.5,51.3,8.47,14.03,37.4,100.3,87.6,99.5,Heart,Type_IV
S0247,21,Indigenous-Nepalese,114.3,124.0,92.18,184.4,147.9,80.21,61.4,29.3,63.8,9.98,14.19,34.3,105.6,90.8,107.6,Square,Type_IV
S0248,18,Tibeto-Nepalese,114.5,128.3,89.24,184.8,157.2,85.06,68.3,32.5,56.1,6.56,11.9,35.0,108.2,95.4,109.7,Oblong,Type_III
S0249,23,Indo-Nepalese,114.7,116.8,98.2,182.2,145.4,79.8,62.1,29.4,53.8,8.41,14.26,35.4,103.8,88.7,105.1,Oval,Type_IV
S0250,20,Indo-Nepalese,108.0,126.5,85.38,180.0,130,72.22,60.4,28.9,64.1,6.84,9.62,36.3,111.5,91.2,123.2,Oval,Type_V
S0251,22,Tibeto-Nepalese,97.4,118.8,81.99,185.4,155.4,83.82,60.1,28.2,55.4,5.99,14.01,36.6,108.7,97.0,111.7,Diamond,Type_V
S0252,20,Indigenous-Nepalese,119.8,130.0,92.15,183.1,144.2,78.75,62.9,34.2,55.7,8.42,14.32,31.7,110.9,89.7,108.9,Square,Type_IV
S0253,20,Indo-Nepalese,123.5,123.8,99.76,180.6,140.3,77.69,68.1,32.6,60.8,6.98,13.46,36.3,102.7,103.5,107.0,Square,Type_V
S0254,23,Tibeto-Nepalese,108.4,127.4,85.09,172.4,140.6,81.55,62.7,34.7,53.7,7.64,15.3,37.4,112.1,96.3,113.0,Square,Type_V
S0255,19,Indigenous-Nepalese,115.6,121.5,95.14,180.4,149.8,83.04,68.3,29.9,53.8,9.18,14.77,36.9,105.4,87.8,110.6,Round,Type_III
S0256,22,Tibeto-Nepalese,119.4,134.2,88.97,181.3,136.0,75.01,57.2,36.1,54.3,8.15,17.8,35.1,117.2,100.9,122.2,Square,Type_III
S0257,22,Indo-Nepalese,117.4,114.9,102.18,188.9,157.2,83.22,58.7,30.7,48,8.26,15.6,33.7,102.0,96.8,103.6,Round,Type_IV
S0258,18,Indo-Nepalese,110.3,132.6,83.18,181.5,147.3,81.16,66.3,40,62.0,7.7,14.44,34.4,115.9,86.1,117.5,Square,Type_III
S0259,19,Indo-Nepalese,117.2,115.1,101.82,193.6,150.4,77.69,65.4,33.7,52.7,7.6,13.39,38.7,105.0,99.9,103.9,Oblong,Type_III
S0260,18,Indigenous-Nepalese,106.6,125.0,85.28,184.1,142.0,77.13,61.5,29.8,58.5,7.61,13.18,36.8,100.2,94.1,94.3,Square,Type_V
S0261,20,Indigenous-Nepalese,125.8,125.6,100.16,184.4,145.8,79.07,62.2,34.1,56.7,8.25,15.07,38.4,101.5,86.1,98.5,Oval,Type_IV
S0262,25,Indo-Nepalese,123.5,131.0,94.27,184.7,155.1,83.97,58.2,34.0,58.7,8.65,13.34,33.2,114.6,96.3,113.3,Square,Type_III
S0263,24,Indo-Nepalese,124.4,117.4,105.96,188.7,152.0,80.55,64.8,35.0,60.1,8.0,13.9,37.4,97.0,90.5,100.8,Oval,Type_IV
S0264,24,Indo-Nepalese,137.3,128.5,106.85,168.5,138.7,82.31,64.1,34.2,57.6,7.57,14.34,36.7,105.6,94.8,113.2,Round,Type_III
S0265,22,Indigenous-Nepalese,117.9,121.8,96.8,184.8,146.1,79.06,64.4,32.6,54.5,11.04,15.29,33.3,99.0,92.3,103.0,Oblong,Type_V
S0266,19,Tibeto-Nepalese,116.3,113.1,102.83,192.2,141.9,73.83,59.0,34.8,48,8.17,14.67,37.2,95.8,99.8,103.1,Square,Type_V
S0267,21,Tibeto-Nepalese,122.3,117.5,104.09,180.8,142.1,78.6,61.6,28.0,49.4,8.32,14.08,34.7,97.0,96.7,97.5,Round,Type_IV
S0268,23,Indo-Nepalese,118.7,112.8,105.23,181.6,154.2,84.91,61.0,29.0,53.9,7.98,12.27,34.3,94.9,87.9,96.9,Round,Type_V
S0269,21,Tibeto-Nepalese,122.8,131.2,93.6,189.2,144.4,76.32,60.1,32.5,57.7,8.31,12.4,34.5,114.3,88.5,119.2,Diamond,Type_V
S0270,20,Tibeto-Nepalese,104.6,112.6,92.9,195.1,157.6,80.78,56.1,27.9,48.7,7.13,9.5,36.1,103.4,93.2,108.5,Oval,Type_V
S0271,25,Indigenous-Nepalese,111.5,131.5,84.79,182.4,147.1,80.65,57.5,34.1,61.3,8.45,15.11,35.1,114.3,94.4,117.0,Diamond,Type_III
S0272,18,Indo-Nepalese,129.1,130.2,99.16,192.8,158.5,82.21,61.8,33.0,65.3,7.47,15.69,33.4,113.7,98.0,116.6,Round,Type_IV
S0273,19,Indo-Nepalese,109.2,115.2,94.79,181.0,157.6,87.07,61.4,28.6,51.5,8.04,16.08,33.7,102.1,96.4,102.7,Diamond,Type_III
S0274,21,Tibeto-Nepalese,119.7,116.6,102.66,170.0,143.5,84.41,64.0,32.4,60.0,8.71,11.0,35.1,103.0,90.0,100.5,Round,Type_III
S0275,21,Indigenous-Nepalese,129.5,127.3,101.73,170.7,139.6,81.78,58.4,33.9,58.9,8.36,14.05,35.5,108.1,94.6,109.3,Round,Type_III
S0276,21,Tibeto-Nepalese,130.0,115.4,112.65,181.6,147.0,80.95,62.6,28.7,54.8,7.48,11.39,33.7,94.4,87.7,99.1,Square,Type_III
S0277,23,Indo-Nepalese,122.4,122.1,100.25,182.4,150.4,82.46,60.4,31.2,60.5,8.2,14.63,31.6,110.0,86.7,108.4,Oval,Type_III
S0278,19,Indigenous-Nepalese,111.4,125.0,89.12,187.2,149.6,79.91,66.5,33.7,61.9,6.13,14.41,35.3,105.2,78.8,110.5,Square,Type_V
S0279,18,Indo-Nepalese,114.3,124.4,91.88,185.3,146.4,79.01,66.5,28.4,56.8,7.85,13.81,34.5,104.2,82.7,104.3,Oblong,Type_III
S0280,20,Tibeto-Nepalese,113.1,117.8,96.01,171.5,137.0,79.88,61.1,34.3,52.1,6.17,13.48,33.3,108.5,88.9,108.0,Round,Type_III
S0281,24,Tibeto-Nepalese,110.9,122.0,90.9,188.0,145.1,77.18,60.7,32.1,65.8,7.0,13.67,32.8,106.5,99.7,111.3,Heart,Type_V
S0282,21,Indigenous-Nepalese,118.3,111.5,106.1,170.7,143.4,84.01,59.9,31.5,49.0,8.09,13.6,30.9,96.5,88.1,90,Oblong,Type_IV
S0283,23,Indo-Nepalese,104.3,122.0,85.49,177.8,132.7,74.63,62.0,32.5,57.5,9.09,14.32,33.3,107.1,95.5,112.3,Square,Type_IV
S0284,23,Tibeto-Nepalese,112.7,123.9,90.96,186.6,146.7,78.62,63.0,33.8,66.6,6.56,15.36,37.8,103.7,95.6,115.1,Oval,Type_V
S0285,20,Indo-Nepalese,112.6,126.4,89.08,178.2,136.8,76.77,62.9,32.5,55.5,7.74,14.71,33.2,114.1,82.9,118.2,Diamond,Type_V
S0286,18,Indigenous-Nepalese,132.3,121.0,109.34,179.8,136.0,75.64,62.5,32.2,49.2,7.85,12.31,36.0,106.0,107.3,102.1,Oval,Type_III
S0287,23,Indo-Nepalese,111.3,117.0,95.13,195.1,161.1,82.57,60.2,29.6,51.1,8.17,11.58,31.4,99.1,92.0,96.8,Diamond,Type_IV
S0288,19,Indigenous-Nepalese,107.7,136.6,78.84,175.1,132.1,75.44,61.9,31.4,68,7.59,12.94,33.7,121.8,106.2,122.3,Oval,Type_V
S0289,18,Tibeto-Nepalese,112.6,116.8,96.4,180.5,136.9,75.84,64.9,32.7,57.5,6.09,13.21,36.2,101.4,81.5,105.1,Diamond,Type_IV
S0290,20,Tibeto-Nepalese,116.8,140.3,83.25,179.9,138.4,76.93,63.7,40,65.3,9.37,13.64,35.1,121.4,102.1,119.0,Heart,Type_V
S0291,20,Indo-Nepalese,119.1,135.5,87.9,184.5,145.1,78.64,61.4,35.7,68,8.49,16.86,32.6,116.5,83.5,120.0,Round,Type_V
S0292,21,Indo-Nepalese,121.8,132.7,91.79,188.2,154.6,82.15,62.5,33.9,56.7,8.09,15.25,34.6,114.5,97.0,108.6,Diamond,Type_III
S0293,21,Indigenous-Nepalese,124.8,123.7,100.89,186.3,158.1,84.86,63.7,32.0,52.4,7.02,13.99,31.5,106.9,89.2,114.2,Oval,Type_IV
S0294,18,Tibeto-Nepalese,124.3,108.5,114.56,171.7,144.4,84.1,59.3,27.2,52.3,8.4,15.11,32.7,93.5,90.5,90,Round,Type_III
S0295,24,Tibeto-Nepalese,112.8,119.0,94.79,184.6,152.1,82.39,63.6,32.5,53.8,9.3,14.83,37.3,94.6,102.4,90,Heart,Type_V
S0296,21,Tibeto-Nepalese,114.1,125.7,90.77,179.9,145.3,80.77,63.1,31.5,48.7,7.08,14.96,33.2,111.0,92.3,109.1,Round,Type_IV
S0297,18,Indo-Nepalese,109.2,131.6,82.98,176.0,148.7,84.49,64.9,33.7,58.3,8.42,11.5,34.0,113.6,76.8,118.5,Heart,Type_IV
S0298,21,Tibeto-Nepalese,118.8,130.0,91.38,178.1,132.7,74.51,60.8,34.3,63.0,10.7,11.23,32.1,108.4,89.4,111.8,Oblong,Type_III
S0299,23,Indigenous-Nepalese,112.4,106.0,106.04,176.9,135.3,76.48,60.1,30.0,48,6.67,13.88,37.0,90,99.6,95.6,Square,Type_IV
S0300,22,Tibeto-Nepalese,121.8,118.8,102.53,191.1,157.8,82.57,62.1,35.7,58.1,8.52,15.03,36.6,104.3,93.8,99.8,Oval,Type_III
S0301,19,Indo-Nepalese,118.3,119.2,99.24,181.8,131.1,72.11,60.9,32.4,60.2,6.56,9.95,31.5,104.9,95.6,107.6,Diamond,Type_V
S0302,20,Indo-Nepalese,114.1,125.2,91.13,182.8,148.5,81.24,64.7,34.9,57.6,9.72,16.44,34.0,112.4,86.9,116.4,Oval,Type_V
S0303,20,Indo-Nepalese,120.6,126.0,95.71,175.2,149.4,85.27,65.5,34.7,58.5,7.72,11.04,36.5,105.9,91.2,112.2,Square,Type_V
S0304,24,Indigenous-Nepalese,128.3,116.6,110.03,177.2,149.6,84.42,59.9,31.9,56.4,6.63,15.85,38.9,101.6,97.0,98.9,Oval,Type_IV
S0305,24,Indigenous-Nepalese,109.2,119.0,91.76,181.0,137.4,75.91,69.1,30.2,60.4,7.28,13.29,36.9,102.6,111.1,106.5,Oval,Type_V
S0306,23,Tibeto-Nepalese,110.6,110.4,100.18,175.0,142.0,81.14,59.1,26.9,49.6,10.27,12.94,37.4,95.8,96.1,96.7,Heart,Type_III
S0307,24,Tibeto-Nepalese,112.8,116.8,96.58,184.7,146.5,79.32,62.1,30.0,54.3,8.58,15.34,33.2,101.2,89.3,102.5,Oval,Type_III
S0308,25,Indigenous-Nepalese,115.2,112.5,102.4,184.4,146.9,79.66,66.9,30.7,56.8,6.53,13.99,35.3,92.7,91.4,92.2,Diamond,Type_IV
S0309,24,Indigenous-Nepalese,115.5,132.6,87.1,190.6,161.1,84.52,65.0,38.5,68,9.18,11.14,34.2,119.2,102.8,119.0,Oblong,Type_III
S0310,25,Tibeto-Nepalese,120.1,128.2,93.68,182.5,149.9,82.14,56.1,34.9,65.4,8.35,13.48,34.0,118.7,80.4,113.6,Diamond,Type_III
S0311,20,Indigenous-Nepalese,120.9,123.7,97.74,186.1,145.9,78.4,63.3,31.5,57.8,8.42,17.22,41.3,103.8,115,109.6,Oblong,Type_IV
S0312,21,Indo-Nepalese,110.9,127.0,87.32,186.0,147.8,79.46,63.1,31.0,63.4,6.54,14.27,35.6,113.3,91.2,115.3,Square,Type_IV
S0313,20,Indo-Nepalese,113.3,131.3,86.29,190.2,148.2,77.92,65.1,36.8,65.1,7.83,13.56,35.9,112.8,97.5,120.3,Square,Type_IV
S0314,24,Indigenous-Nepalese,111.4,122.2,91.16,180.2,149.0,82.69,62.3,34.0,59.4,6.94,12.32,38.2,104.5,83.1,114.4,Diamond,Type_III
S0315,20,Tibeto-Nepalese,121.1,126.0,96.11,179.1,154.1,86.04,61.0,30.3,56.5,8.39,15.95,36.2,106.3,84.3,108.6,Square,Type_III
S0316,21,Indigenous-Nepalese,108.9,127.9,85.14,177.0,139.6,78.87,70,35.8,61.6,9.46,12.31,33.0,110.9,92.7,107.8,Round,Type_III
S0317,21,Indo-Nepalese,114.9,128.7,89.28,182.9,149.9,81.96,57.9,32.1,66.2,7.51,9.79,39.6,117.1,96.7,117.9,Diamond,Type_IV
S0318,20,Tibeto-Nepalese,110.0,116.0,94.83,189.8,175,92.2,59.1,34.1,54.0,7.59,13.12,34.5,96.6,84.8,105.0,Square,Type_V
S0319,20,Indo-Nepalese,120.3,126.5,95.1,171.3,130.5,76.18,64.0,36.2,54.5,7.31,12.08,36.5,111.4,95.2,110.7,Oval,Type_III
S0320,23,Indo-Nepalese,119.1,126.7,94.0,168.9,130,76.97,60.4,33.0,59.4,11.71,13.14,41.3,113.6,95.1,117.1,Round,Type_III
S0321,19,Tibeto-Nepalese,120.5,130.2,92.55,190.6,158.3,83.05,59.9,35.7,51.1,7.78,14.04,36.3,112.1,101.2,120.3,Heart,Type_III
S0322,18,Tibeto-Nepalese,125.4,117.3,106.91,191.4,150.4,78.58,60.4,30.6,53.9,6.92,13.93,37.8,105.5,93.1,102.7,Round,Type_III
S0323,21,Tibeto-Nepalese,124.1,123.5,100.49,182.5,154.2,84.49,60.7,29.4,61.1,8.73,12.56,34.6,105.6,99.3,105.7,Oval,Type_IV
S0324,24,Indigenous-Nepalese,117.8,117.9,99.92,179.8,146.0,81.2,62.4,32.0,57.9,7.19,12.72,34.2,100.1,108.9,107.4,Oblong,Type_IV
S0325,22,Indo-Nepalese,113.4,137.4,82.53,178.2,143.2,80.36,60.8,36.7,61.6,6.29,9.66,32.3,125.8,98.3,129.1,Square,Type_III
S0326,18,Indo-Nepalese,107.6,120.3,89.44,176.4,134.8,76.42,65.7,29.5,60.8,7.44,18.91,34.8,104.8,105.1,110.6,Round,Type_V
S0327,20,Indigenous-Nepalese,110.3,132.8,83.06,187.1,154.5,82.58,62.1,35.1,66.0,8.29,18.26,29.8,111.9,109.9,116.2,Oblong,Type_IV
S0328,21,Tibeto-Nepalese,108.2,108.4,99.82,181.1,141.2,77.97,64.1,26,50.4,8.17,15.43,32.3,94.2,85.3,98.8,Round,Type_III
S0329,22,Tibeto-Nepalese,124.0,132.3,93.73,175.6,142.8,81.32,57.6,35.8,65.6,6.92,12.56,34.6,115.6,93.3,117.7,Diamond,Type_III
S0330,25,Tibeto-Nepalese,115.8,131.0,88.4,174.5,145.3,83.27,63.6,32.1,54.8,9.27,13.8,34.9,111.0,94.1,113.8,Oblong,Type_III
S0331,23,Tibeto-Nepalese,120.0,116.8,102.74,170.6,130,76.2,63.5,29.6,55.6,6.95,11.17,35.5,101.4,90.2,105.6,Heart,Type_III
S0332,20,Tibeto-Nepalese,124.9,127.2,98.19,170.6,130,76.2,63.3,31.1,68,8.29,14.96,34.1,119.1,99.0,118.1,Round,Type_III
S0333,24,Tibeto-Nepalese,128.0,128.9,99.3,179.5,146.2,81.45,64.8,32.7,55.8,8.97,13.99,35.5,109.2,99.7,115.6,Square,Type_IV
S0334,20,Indigenous-Nepalese,127.1,124.5,102.09,184.4,150.1,81.4,65.8,31.5,56.9,9.54,15.64,36.0,106.1,82.3,109.5,Square,Type_III
S0335,18,Indigenous-Nepalese,124.8,118.8,105.05,175.3,135.2,77.12,63.4,32.8,54.1,9.15,11.47,38.5,111.1,109.6,113.9,Round,Type_IV
S0336,21,Tibeto-Nepalese,113.2,139.7,81.03,175.7,134.9,76.78,61.6,32.8,66.7,7.81,14.06,33.9,117.5,91.2,118.1,Oblong,Type_IV
S0337,24,Indo-Nepalese,114.2,125.2,91.21,181.3,157.1,86.65,54,36.2,62.3,8.72,14.03,35.2,110.3,96.8,109.3,Oblong,Type_IV
S0338,22,Indigenous-Nepalese,114.0,130.2,87.56,187.5,149.2,79.57,60.8,33.4,60.5,7.63,16.18,35.5,117.1,100.9,114.2,Oblong,Type_V
S0339,22,Tibeto-Nepalese,108.1,124.8,86.62,179.2,130,72.54,56.3,38.6,57.0,7.49,13.59,34.0,109.0,96.4,113.7,Oval,Type_III
S0340,21,Indigenous-Nepalese,110.7,120.6,91.79,180.7,144.3,79.86,63.8,31.7,54.2,9.91,12.35,37.0,106.2,100.0,105.9,Heart,Type_V
S0341,18,Tibeto-Nepalese,112.4,110.2,102.0,179.5,142.9,79.61,62.5,30.6,53.1,6.69,13.09,31.3,92.3,82.3,93.0,Diamond,Type_IV
S0342,19,Indo-Nepalese,117.1,133.6,87.65,187.9,156.4,83.24,70,37.0,52.5,8.9,11.67,35.0,112.7,105.3,121.2,Heart,Type_IV
S0343,20,Indo-Nepalese,114.3,121.8,93.84,180.6,143.3,79.35,69.3,29.8,56.5,7.06,14.64,33.8,108.0,87.0,119.2,Heart,Type_III
S0344,25,Indigenous-Nepalese,117.5,125.7,93.48,186.4,145.0,77.79,66.0,32.4,57.5,6.17,16.83,38.5,110.2,106.1,114.5,Diamond,Type_IV
S0345,22,Indigenous-Nepalese,110.8,137.4,80.64,189.5,151.1,79.74,63.0,34.4,68,7.02,13.86,33.5,127.4,104.3,123.3,Round,Type_IV
S0346,25,Tibeto-Nepalese,118.3,120.5,98.17,174.5,145.3,83.27,69.0,31.3,62.7,8.44,12.81,34.2,101.4,95.9,106.2,Square,Type_IV
S0347,23,Indigenous-Nepalese,116.8,112.9,103.45,183.3,133.6,72.89,60.9,27.8,55.1,9.19,17.57,32.2,101.4,105.6,101.1,Oblong,Type_III
S0348,21,Indigenous-Nepalese,116.2,126.3,92.0,175.6,141.7,80.69,60.8,33.0,64.8,6.84,14.19,33.7,108.6,94.6,110.9,Square,Type_IV
S0349,20,Indigenous-Nepalese,113.4,114.3,99.21,190.7,145.4,76.25,63.9,33.4,61.5,9.8,12.14,35.9,102.2,84.8,96.9,Round,Type_IV
S0350,20,Indigenous-Nepalese,122.1,130.0,93.92,178.3,138.0,77.4,59.6,34.4,62.7,7.6,10.6,36.6,117.5,98.8,126.2,Heart,Type_III
S0351,18,Indo-Nepalese,120.1,108.2,111.0,180.0,141.3,78.5,56.3,30.5,55.5,7.85,10.47,32.0,95.5,101.1,102.9,Diamond,Type_III
S0352,22,Indo-Nepalese,117.6,132.8,88.55,194.8,156.7,80.44,61.2,30.2,58.1,8.26,15.16,34.9,123.1,94.6,128.7,Oval,Type_IV
S0353,25,Indo-Nepalese,124.3,114.2,108.84,181.4,141.6,78.06,61.8,30.7,52.6,8.5,12.98,31.3,101.7,94.9,110.4,Heart,Type_V
S0354,24,Indo-Nepalese,116.3,127.1,91.5,184.5,156.0,84.55,60.9,31.3,61.1,8.26,10.63,33.7,110.9,81.9,118.3,Heart,Type_III
S0355,18,Indigenous-Nepalese,133.1,128.2,103.82,200,144.9,72.45,60.6,34.0,56.4,5.64,13.78,35.2,111.3,103.7,115.1,Round,Type_IV
S0356,24,Indigenous-Nepalese,107.4,128.4,83.64,169.7,140.0,82.5,64.5,36.3,60.1,6.59,15.94,33.5,111.4,97.2,114.2,Oval,Type_IV
S0357,18,Tibeto-Nepalese,124.3,120.6,103.07,183.2,143.2,78.17,61.8,31.2,57.2,7.89,13.72,32.9,106.5,101.8,104.2,Oval,Type_III
S0358,25,Tibeto-Nepalese,110.0,123.9,88.78,182.6,159.1,87.13,66.2,31.8,59.8,6.12,14.35,33.1,110.9,81.7,110.2,Oblong,Type_III
S0359,25,Tibeto-Nepalese,114.2,127.8,89.36,170.9,141.0,82.5,61.8,35.5,55.5,7.85,17.56,33.3,111.6,104.6,112.8,Heart,Type_V
S0360,22,Indigenous-Nepalese,106.8,125.1,85.37,186.4,159.8,85.73,65.3,30.8,61.2,8.91,11.01,32.4,113.9,96.5,116.7,Oblong,Type_III
S0361,19,Indo-Nepalese,113.2,113.7,99.56,187.2,152.4,81.41,64.9,29.8,50.5,7.47,16.26,34.3,103.1,93.6,103.2,Oval,Type_III
S0362,19,Tibeto-Nepalese,125.6,118.3,106.17,186.2,138.8,74.54,59.4,31.0,59.7,8.5,15.78,34.4,107.5,93.2,112.9,Diamond,Type_V
S0363,19,Indo-Nepalese,110.0,127.0,86.61,182.5,149.6,81.97,58.5,33.6,58.6,6.86,10.76,37.5,108.9,115,121.4,Heart,Type_IV
S0364,21,Indo-Nepalese,124.8,108.8,114.71,181.8,148.8,81.85,58.1,32.8,54.2,8.42,15.24,33.8,93.2,83.5,96.4,Oval,Type_IV
S0365,19,Indo-Nepalese,117.3,112.6,104.17,181.2,143.0,78.92,64.5,35.3,49.7,8.8,12.04,37.3,97.7,84.1,95.5,Oblong,Type_IV
S0366,21,Tibeto-Nepalese,133.6,130.0,102.77,176.3,144.8,82.13,54,29.7,62.5,8.12,16.96,33.9,104.1,102.7,98.8,Square,Type_IV
S0367,25,Tibeto-Nepalese,122.5,121.1,101.16,186.1,135.2,72.65,64.4,29.2,57.7,8.61,12.87,34.3,104.5,98.0,110.3,Round,Type_IV
S0368,22,Tibeto-Nepalese,121.9,134.5,90.63,184.3,163.2,88.55,58.7,36.4,67.7,6.42,14.93,35.3,115.3,102.2,116.0,Round,Type_III
S0369,19,Tibeto-Nepalese,108.5,121.4,89.37,176.7,141.2,79.91,60.1,38.6,48.6,10.6,14.7,34.2,106.1,93.7,106.3,Diamond,Type_IV
S0370,20,Tibeto-Nepalese,120.2,109.9,109.37,189.2,150.6,79.6,64.6,30.5,56.6,6.13,12.61,32.8,92.4,107.1,91.1,Oblong,Type_V
S0371,23,Indo-Nepalese,114.9,130.9,87.78,187.0,153.6,82.14,60.3,29.0,57.4,6.6,16.88,33.6,109.8,97.8,112.2,Oval,Type_V
S0372,20,Indo-Nepalese,116.4,117.0,99.49,192.6,157.2,81.62,60.8,32.9,58.0,6.52,17.79,37.3,101.7,97.8,98.2,Round,Type_III
S0373,20,Tibeto-Nepalese,121.0,131.8,91.81,190.0,153.0,80.53,55.8,38.5,54.6,9.21,14.44,32.2,114.9,101.4,112.6,Diamond,Type_V
S0374,18,Tibeto-Nepalese,128.2,124.4,103.05,184.9,143.2,77.45,62.9,33.7,58.1,9.29,11.05,36.6,104.9,87.8,107.2,Oval,Type_V
S0375,24,Indigenous-Nepalese,131.2,115.9,113.2,177.0,136.4,77.06,65.2,30.1,52.5,7.91,16.15,36.8,97.1,95.1,98.2,Diamond,Type_V
S0376,25,Tibeto-Nepalese,129.8,123.9,104.76,186.1,145.8,78.34,59.9,37.1,54.4,8.72,13.17,33.1,106.1,91.4,115.1,Oblong,Type_III
S0377,23,Tibeto-Nepalese,111.4,106.3,104.8,167.9,130,77.43,54,26,53.5,8.24,11.26,33.7,96.9,93.0,93.4,Oblong,Type_III
S0378,22,Indigenous-Nepalese,122.8,125.6,97.77,182.5,147.8,80.99,61.3,33.6,57.8,6.71,11.41,35.2,113.0,96.7,122.2,Oblong,Type_V
S0379,23,Indigenous-Nepalese,107.1,107.0,100.09,185.1,130.2,70.34,61.6,31.1,48,8.73,14.37,33.6,90,90.3,92.4,Square,Type_IV
S0380,18,Indo-Nepalese,123.4,123.4,100.0,193.5,147.0,75.97,64.3,33.7,57.1,7.67,14.92,36.2,109.7,92.0,106.4,Oval,Type_IV
S0381,20,Tibeto-Nepalese,106.7,130.4,81.83,185.4,165.5,89.27,63.0,32.9,68,8.02,14.38,34.2,114.1,82.2,110.6,Square,Type_III
S0382,20,Tibeto-Nepalese,114.2,112.7,101.33,175.3,146.7,83.69,65.3,26.1,54.8,7.4,13.3,33.3,95.9,101.7,102.6,Oval,Type_V
S0383,19,Indo-Nepalese,106.3,126.4,84.1,180.9,147.8,81.7,61.0,37.9,51.8,8.46,14.46,35.9,105.4,107.5,108.4,Oval,Type_III
S0384,24,Indo-Nepalese,122.3,126.7,96.53,187.5,167.0,89.07,64.4,32.8,57.8,7.36,14.73,33.0,108.1,90.3,114.2,Square,Type_V
S0385,20,Tibeto-Nepalese,120.5,131.6,91.57,181.1,148.4,81.94,59.2,36.1,64.9,10.26,14.43,33.3,113.3,92.7,116.8,Heart,Type_IV
S0386,22,Tibeto-Nepalese,117.0,126.0,92.86,185.3,135.6,73.18,62.0,35.0,62.5,9.37,13.88,31.9,114.5,100.7,114.0,Oval,Type_V
S0387,19,Tibeto-Nepalese,112.0,120.3,93.1,176.3,140.5,79.69,58.7,32.9,63.5,6.63,15.84,33.8,106.6,94.1,114.1,Oval,Type_IV
S0388,18,Tibeto-Nepalese,123.4,118.6,104.05,171.4,130,75.85,65.9,32.5,61.7,6.79,14.36,36.3,109.2,94.6,109.5,Round,Type_IV
S0389,24,Indo-Nepalese,120.5,115.0,104.78,195.0,144.0,73.85,59.9,29.0,54.9,8.28,11.64,34.6,90.8,101.9,90,Heart,Type_V
S0390,20,Indo-Nepalese,125.4,127.8,98.12,178.5,135.5,75.91,61.3,34.0,63.4,6.7,14.08,37.8,110.5,95.7,114.1,Round,Type_III
S0391,23,Tibeto-Nepalese,103.9,127.4,81.55,183.0,159.1,86.94,58.6,35.0,58.4,7.93,16.44,36.3,109.4,88.2,118.7,Square,Type_IV
S0392,19,Indo-Nepalese,107.4,116.8,91.95,178.6,143.2,80.18,62.7,30.5,54.7,7.86,11.49,34.5,105.4,95.5,110.2,Round,Type_III
S0393,25,Indigenous-Nepalese,111.6,135.0,82.67,189.4,160.5,84.74,64.2,31.7,66.5,8.41,13.06,36.4,118.1,108.6,116.1,Oblong,Type_IV
S0394,18,Indo-Nepalese,104.5,121.3,86.15,186.8,151.9,81.32,57.3,31.7,59.4,7.71,12.55,34.6,102.2,95.7,98.9,Diamond,Type_IV
S0395,19,Indo-Nepalese,111.0,112.1,99.02,172.9,132.7,76.75,58.8,27.4,48.6,8.02,12.56,32.5,99.9,115,93.7,Square,Type_IV
S0396,18,Indigenous-Nepalese,116.8,127.2,91.82,192.3,154.8,80.5,57.8,29.9,61.8,7.6,12.93,32.1,109.5,94.3,108.8,Square,Type_IV
S0397,23,Indo-Nepalese,121.0,130.1,93.01,180.8,135.2,74.78,64.4,38.4,66.1,9.34,14.49,35.8,113.1,104.0,114.2,Square,Type_V
S0398,23,Tibeto-Nepalese,109.0,140.5,77.58,166.4,132.5,79.63,60.3,38.0,68,8.28,12.66,33.2,127.9,91.3,127.1,Oblong,Type_IV
S0399,20,Indo-Nepalese,123.2,116.4,105.84,177.4,149.0,83.99,60.7,31.4,58.4,7.36,12.55,36.9,101.7,93.0,98.7,Square,Type_V
S0400,20,Tibeto-Nepalese,103.1,129.3,79.74,182.1,145.9,80.12,64.5,33.7,57.6,8.01,15.36,35.9,117.0,102.7,124.5,Heart,Type_IV
S0401,25,Tibeto-Nepalese,113.1,121.3,93.24,176.8,136.1,76.98,63.9,32.1,56.5,7.66,13.86,36.1,108.2,102.4,113.9,Oval,Type_V
S0402,20,Tibeto-Nepalese,121.4,136.7,88.81,185.5,149.2,80.43,58.9,38.7,62.3,5.58,16.71,31.9,127.8,98.9,128.2,Oblong,Type_V
S0403,19,Indigenous-Nepalese,108.6,132.0,82.27,182.0,135.7,74.56,68.3,39.1,67.7,9.26,13.74,33.2,113.2,87.9,115.5,Diamond,Type_IV
S0404,25,Tibeto-Nepalese,116.0,121.6,95.39,188.4,156.4,83.01,56.8,32.9,59.1,8.31,15.59,33.7,104.6,94.6,105.2,Diamond,Type_III
S0405,18,Indigenous-Nepalese,123.4,130.9,94.27,165.4,133.5,80.71,60.9,33.1,65.0,7.38,11.98,34.0,113.3,103.3,118.0,Round,Type_III
S0406,18,Indigenous-Nepalese,114.0,139.4,81.78,174.0,144.1,82.82,64.7,37.3,65.1,7.64,14.3,36.2,121.3,108.8,121.1,Diamond,Type_III
S0407,24,Indigenous-Nepalese,126.3,133.0,94.96,187.5,161.6,86.19,57.2,38.5,52.3,7.94,13.87,36.0,122.6,106.4,123.6,Oblong,Type_V
S0408,20,Indigenous-Nepalese,117.5,126.7,92.74,183.2,143.6,78.38,64.4,35.6,62.3,10.64,14.88,30.5,111.0,91.1,106.4,Heart,Type_IV
S0409,21,Indo-Nepalese,113.1,113.9,99.3,182.7,141.8,77.61,58.6,33.9,56.7,4.88,14.91,35.9,103.4,102.5,105.3,Oblong,Type_V
S0410,20,Indigenous-Nepalese,110.3,112.4,98.13,173.8,132.2,76.06,59.9,30.0,48,8.87,15.37,32.8,99.5,88.4,100.1,Heart,Type_III
S0411,24,Tibeto-Nepalese,128.0,109.2,117.22,183.1,147.2,80.39,61.1,26.9,48,8.51,13.11,36.1,101.6,96.5,106.7,Heart,Type_V
S0412,23,Indo-Nepalese,120.8,121.5,99.42,179.2,139.6,77.9,59.1,34.6,49.7,9.07,12.88,36.0,107.3,99.7,102.4,Square,Type_III
S0413,23,Indigenous-Nepalese,108.2,129.1,83.81,185.4,132.3,71.36,65.2,33.8,61.8,9.88,11.77,36.0,114.5,77.9,117.0,Diamond,Type_V
S0414,18,Tibeto-Nepalese,110.2,119.8,91.99,186.5,143.4,76.89,54,29.7,53.9,8.52,17.73,37.5,106.9,101.8,103.3,Oblong,Type_IV
S0415,19,Tibeto-Nepalese,116.2,125.1,92.89,182.0,162.7,89.4,63.6,35.9,60.9,6.91,13.47,36.4,111.9,88.0,121.6,Square,Type_IV
S0416,22,Tibeto-Nepalese,119.5,142.0,84.15,178.0,141.8,79.66,65.7,39.2,64.9,8.23,14.89,35.6,127.3,85.0,135,Heart,Type_IV
S0417,24,Indo-Nepalese,103.3,126.6,81.6,167.9,141.2,84.1,62.0,40,53.1,7.71,12.95,36.2,115.4,106.7,113.2,Heart,Type_V
S0418,21,Indo-Nepalese,120.5,133.6,90.19,187.7,146.2,77.89,58.8,39.8,62.6,7.59,14.28,35.0,119.0,99.2,116.0,Square,Type_V
S0419,21,Tibeto-Nepalese,107.4,130.4,82.36,177.2,131.9,74.44,66.8,36.2,55.3,7.29,13.65,34.8,106.3,88.9,113.7,Heart,Type_III
S0420,21,Tibeto-Nepalese,128.4,129.3,99.3,180.7,143.4,79.36,62.9,36.4,60.1,8.35,13.26,33.9,109.5,99.8,109.3,Oval,Type_V
S0421,21,Indigenous-Nepalese,108.6,116.5,93.22,180.9,150.4,83.14,69.2,34.5,59.5,8.44,13.32,36.1,93.9,101.8,95.8,Diamond,Type_V
S0422,22,Indo-Nepalese,105.2,128.8,81.68,175.1,138.4,79.04,61.9,32.2,63.9,9.94,17.33,32.5,114.5,98.7,120.6,Oval,Type_III
S0423,23,Indo-Nepalese,117.6,126.8,92.74,184.4,153.3,83.13,64.6,29.1,64.1,7.69,16.08,38.9,107.5,87.5,108.9,Heart,Type_III
S0424,25,Tibeto-Nepalese,119.8,128.8,93.01,187.4,154.3,82.34,64.1,34.4,64.2,8.35,11.86,33.1,109.4,94.9,109.6,Oblong,Type_V
S0425,19,Indigenous-Nepalese,119.9,123.9,96.77,186.4,144.5,77.52,58.9,34.7,63.0,9.11,14.91,31.2,110.2,90.5,117.0,Diamond,Type_III
S0426,23,Tibeto-Nepalese,115.9,134.7,86.04,185.4,152.4,82.2,59.4,36.8,59.3,7.38,15.95,35.0,108.8,88.0,116.3,Heart,Type_V
S0427,23,Indigenous-Nepalese,114.2,116.9,97.69,179.8,158.6,88.21,62.6,29.2,56.8,8.4,14.5,34.8,103.3,86.4,100.5,Heart,Type_V
S0428,19,Indo-Nepalese,119.3,120.7,98.84,180.4,151.3,83.87,65.3,29.3,51.0,7.02,10.11,35.3,105.2,96.1,114.6,Round,Type_IV
S0429,20,Indo-Nepalese,107.5,133.4,80.58,182.5,136.5,74.79,67.6,34.5,68,8.07,14.18,37.0,109.5,90.2,112.7,Heart,Type_III
S0430,25,Indo-Nepalese,106.1,123.0,86.26,177.1,130,73.4,60.6,38.0,57.9,7.69,11.97,35.7,105.3,88.8,113.1,Heart,Type_IV
S0431,18,Indigenous-Nepalese,115.9,106.2,109.13,179.0,143.8,80.34,59.8,29.2,48,6.57,11.89,35.8,96.5,80.6,94.3,Oblong,Type_IV
S0432,25,Indigenous-Nepalese,118.0,119.3,98.91,189.3,143.7,75.91,63.7,31.0,51.1,9.55,12.71,35.4,106.3,95.4,112.3,Heart,Type_IV
S0433,22,Indo-Nepalese,118.4,132.3,89.49,192.8,147.7,76.61,58.5,38.0,62.2,6.44,13.25,34.1,107.6,99.2,108.2,Oblong,Type_IV
S0434,20,Indigenous-Nepalese,125.7,126.1,99.68,170.9,144.3,84.44,57.7,32.0,59.2,7.74,16.92,36.1,109.5,102.0,111.9,Square,Type_IV
S0435,19,Tibeto-Nepalese,125.4,117.9,106.36,183.6,143.2,78.0,62.0,30.9,59.5,6.06,9.01,36.4,101.6,99.9,103.4,Round,Type_IV
S0436,22,Tibeto-Nepalese,117.0,124.0,94.35,183.6,152.3,82.95,61.2,30.8,56.6,5.53,12.04,39.3,105.4,94.4,115.3,Oval,Type_IV
S0437,24,Indo-Nepalese,115.8,129.8,89.21,175.8,147.5,83.9,62.5,38.6,59.6,7.56,14.61,34.6,111.7,88.4,115.1,Heart,Type_IV
S0438,21,Indo-Nepalese,124.4,126.5,98.34,178.1,141.1,79.23,65.6,37.8,58.4,6.88,10.97,32.7,112.7,97.9,112.5,Oval,Type_V
S0439,18,Indo-Nepalese,105.8,128.5,82.33,178.0,148.5,83.43,63.5,32.4,62.3,9.7,15.02,32.6,114.7,100.8,111.2,Diamond,Type_III
S0440,18,Indo-Nepalese,111.4,117.4,94.89,178.1,150.0,84.22,62.2,31.5,59.9,8.82,13.85,38.0,104.6,99.2,108.6,Heart,Type_V
S0441,19,Tibeto-Nepalese,123.0,100.2,122.75,193.4,149.2,77.15,59.7,26.9,48,8.89,11.35,34.1,90.3,100.5,90.7,Round,Type_V
S0442,23,Indo-Nepalese,125.4,124.1,101.05,187.3,132.3,70.64,66.3,32.1,59.6,8.93,12.42,36.6,106.7,103.4,112.1,Oblong,Type_III
S0443,23,Tibeto-Nepalese,126.2,125.9,100.24,181.6,139.8,76.98,57.9,26,51.4,9.79,11.59,36.3,111.2,91.2,106.2,Oval,Type_III
S0444,22,Indo-Nepalese,108.0,143.0,75.52,183.7,135.4,73.71,57.4,38.0,66.7,8.3,14.21,34.7,124.8,84.5,126.1,Round,Type_IV
S0445,24,Tibeto-Nepalese,116.2,131.3,88.5,175.6,134.5,76.59,61.8,39.5,64.6,8.02,12.4,39.2,113.2,95.0,113.6,Oval,Type_III
S0446,24,Indigenous-Nepalese,123.6,134.5,91.9,172.0,130,75.58,66.8,39.6,63.6,7.06,12.63,34.0,115.8,101.0,111.8,Heart,Type_IV
S0447,22,Indigenous-Nepalese,117.4,117.5,99.91,183.0,145.5,79.51,62.0,30.4,48.7,8.75,10.49,34.3,103.2,86.7,106.2,Oval,Type_IV
S0448,18,Tibeto-Nepalese,127.1,121.0,105.04,189.4,155.9,82.31,58.8,32.7,64.3,8.77,15.1,41.2,105.4,83.9,111.2,Oblong,Type_V
S0449,20,Indigenous-Nepalese,102.5,126.8,80.84,184.8,147.1,79.6,62.1,31.9,57.6,8.98,14.63,35.0,108.5,96.6,115.8,Diamond,Type_IV
S0450,18,Indo-Nepalese,113.5,123.8,91.68,188.2,150.1,79.76,57.3,34.6,55.7,9.14,11.6,33.0,106.0,92.3,107.4,Oval,Type_III
S0451,22,Indigenous-Nepalese,118.6,125.8,94.28,179.7,132.4,73.68,60.5,32.3,57.5,5.79,13.05,33.9,106.0,92.0,107.8,Square,Type_V
S0452,25,Indo-Nepalese,101.6,128.5,79.07,187.7,135.7,72.3,63.4,34.6,63.0,7.17,17.7,33.6,107.4,97.4,104.3,Diamond,Type_III
S0453,20,Indo-Nepalese,120.4,128.3,93.84,180.0,140.8,78.22,65.6,34.5,63.2,8.04,13.1,36.0,114.6,95.1,117.1,Heart,Type_IV
S0454,23,Tibeto-Nepalese,117.1,131.1,89.32,183.2,152.8,83.41,58.0,34.7,61.3,8.27,17.85,33.6,114.8,101.7,108.3,Oval,Type_V
S0455,25,Indigenous-Nepalese,117.0,124.8,93.75,185.5,156.9,84.58,63.5,36.4,60.2,6.62,13.35,33.8,102.1,88.5,101.6,Oval,Type_III
S0456,25,Tibeto-Nepalese,124.8,140.0,89.14,188.0,167.6,89.15,61.1,39.5,65.0,8.4,15.73,36.8,124.7,94.9,132.3,Heart,Type_V
S0457,20,Indo-Nepalese,121.4,128.2,94.7,175.7,132.8,75.58,56.3,33.3,60.0,7.18,12.93,34.7,111.6,99.2,117.5,Square,Type_V
S0458,19,Indo-Nepalese,131.1,127.5,102.82,188.3,161.8,85.93,62.6,28.1,54.9,8.02,13.15,31.5,117.5,78.0,125.6,Square,Type_V
S0459,24,Indigenous-Nepalese,119.9,115.2,104.08,193.1,135.1,69.96,62.2,27.8,52.8,6.33,18.63,33.4,100.4,89.8,98.5,Round,Type_IV
S0460,25,Indo-Nepalese,116.4,120.4,96.68,179.3,145.1,80.93,58.9,31.8,59.6,9.26,13.63,34.7,99.1,102.6,96.5,Oval,Type_IV
S0461,25,Tibeto-Nepalese,115.9,112.4,103.11,188.8,163.3,86.49,60.7,32.4,59.3,9.13,9.57,37.1,95.1,95.8,94.2,Heart,Type_III
S0462,19,Tibeto-Nepalese,116.7,133.4,87.48,188.4,145.5,77.23,66.7,30.7,62.7,8.64,14.03,35.7,119.8,89.0,125.0,Oblong,Type_IV
S0463,18,Indigenous-Nepalese,109.1,111.3,98.02,183.0,157.6,86.12,61.4,28.4,56.7,8.0,15.25,33.8,93.5,99.4,92.2,Round,Type_IV
S0464,21,Indo-Nepalese,113.6,130.7,86.92,182.4,145.5,79.77,58.4,37.6,59.6,10.44,9.89,31.7,113.5,94.9,117.5,Oval,Type_IV
S0465,25,Indo-Nepalese,117.8,107.4,109.68,176.6,142.0,80.41,63.6,30.6,52.2,8.22,15.66,32.8,94.6,91.7,92.3,Oval,Type_IV
S0466,22,Indigenous-Nepalese,126.3,125.1,100.96,176.7,131.7,74.53,61.8,37.3,50.8,7.68,13.68,35.9,107.2,95.3,111.7,Oblong,Type_V
S0467,25,Indo-Nepalese,117.3,119.7,97.99,180.3,135.5,75.15,59.8,36.1,64.1,6.99,14.68,34.9,101.1,100.3,102.8,Oval,Type_III
S0468,21,Indigenous-Nepalese,122.8,137.2,89.5,181.2,148.0,81.68,61.0,35.6,67.8,7.45,14.79,38.2,127.8,84.4,135,Heart,Type_III
S0469,19,Indo-Nepalese,122.2,107.8,113.36,184.4,162.4,88.07,61.7,29.4,51.6,8.25,10.32,38.6,90.6,104.4,96.7,Oblong,Type_V
S0470,19,Tibeto-Nepalese,111.0,126.1,88.03,178.3,136.4,76.5,67.1,33.1,57.1,8.31,14.37,34.8,115.1,114.4,115.0,Square,Type_III
S0471,25,Indo-Nepalese,114.8,120.7,95.11,182.8,150.0,82.06,58.7,29.9,56.8,7.87,18.82,35.3,104.8,100.9,108.3,Square,Type_III
S0472,18,Indo-Nepalese,109.7,121.1,90.59,176.0,141.9,80.62,58.3,33.5,58.5,7.72,13.4,36.3,107.1,97.7,104.1,Square,Type_IV
S0473,18,Indigenous-Nepalese,115.9,126.6,91.55,179.7,144.5,80.41,60.6,31.1,55.2,9.11,13.48,35.4,112.9,86.7,117.7,Oblong,Type_IV
S0474,23,Indigenous-Nepalese,107.2,124.4,86.17,174.4,130,74.54,62.9,32.6,61.2,6.52,13.86,35.6,114.5,88.0,116.8,Square,Type_III
S0475,22,Indigenous-Nepalese,115.7,129.6,89.27,190.9,157.4,82.45,68.0,35.3,59.0,7.02,11.45,36.2,114.7,101.0,118.6,Oblong,Type_III
S0476,19,Indo-Nepalese,103.2,112.2,91.98,180.6,141.1,78.13,65.8,27.3,52.8,7.62,12.21,36.9,98.0,97.4,100.2,Heart,Type_IV
S0477,18,Tibeto-Nepalese,120.1,120.8,99.42,176.0,134.9,76.65,55.1,33.0,56.6,7.49,16.74,35.6,100.8,88.8,101.7,Heart,Type_V
S0478,18,Indigenous-Nepalese,120.6,124.0,97.26,187.1,148.3,79.26,60.8,33.3,55.4,10.46,8.17,39.8,102.9,100.9,104.4,Heart,Type_IV
S0479,20,Indo-Nepalese,110.1,132.3,83.22,184.5,147.7,80.05,55.2,32.9,55.4,6.35,15.86,36.8,116.6,101.1,122.0,Oval,Type_V
S0480,21,Indo-Nepalese,118.0,131.2,89.94,179.2,149.5,83.43,59.4,37.8,59.4,9.63,15.37,38.0,124.2,79.3,124.1,Heart,Type_V
S0481,23,Tibeto-Nepalese,107.7,117.4,91.74,176.6,142.7,80.8,57.7,33.0,55.2,8.7,11.38,35.3,104.7,97.4,110.0,Diamond,Type_IV
S0482,19,Indo-Nepalese,119.9,122.9,97.56,184.2,153.8,83.5,61.9,38.8,57.4,6.06,15.41,35.8,111.6,102.6,116.1,Diamond,Type_IV
S0483,22,Indo-Nepalese,113.0,115.3,98.01,180.0,135.9,75.5,59.0,32.6,57.4,8.16,19.77,36.7,104.5,89.0,111.1,Square,Type_IV
S0484,19,Indigenous-Nepalese,128.6,137.2,93.73,198.9,155.3,78.08,60.3,38.5,56.4,8.48,12.94,37.2,119.6,83.0,119.2,Oblong,Type_V
S0485,22,Tibeto-Nepalese,119.2,115.2,103.47,179.8,144.6,80.42,63.3,31.2,59.0,8.68,15.75,31.6,100.9,95.6,98.5,Square,Type_IV
S0486,21,Indo-Nepalese,120.5,115.3,104.51,185.4,144.7,78.05,61.4,29.0,54.6,10.26,13.0,37.3,96.2,90.5,96.4,Diamond,Type_V
S0487,21,Tibeto-Nepalese,117.2,130.9,89.53,173.6,147.8,85.14,59.7,37.3,63.0,10.05,11.28,33.8,109.9,90.7,114.7,Oblong,Type_IV
S0488,18,Indo-Nepalese,114.1,135.8,84.02,179.8,140.2,77.98,65.6,34.7,63.3,8.77,12.71,36.2,117.2,92.1,121.9,Heart,Type_V
S0489,20,Tibeto-Nepalese,120.9,132.3,91.38,181.8,140.6,77.34,58.5,35.6,66.4,8.43,13.68,32.2,120.7,115,121.9,Round,Type_V
S0490,25,Indigenous-Nepalese,101.4,126.3,80.29,186.4,147.6,79.18,65.7,32.2,59.4,8.87,15.7,35.7,106.0,111.3,111.7,Round,Type_V
S0491,18,Indigenous-Nepalese,111.7,109.1,102.38,178.6,142.8,79.96,57.0,29.8,48.1,9.91,14.39,34.3,90,94.0,93.4,Round,Type_V
S0492,23,Indo-Nepalese,108.5,106.2,102.17,192.8,161.8,83.92,67.9,29.6,48.5,7.41,13.79,36.9,90.1,90.6,90,Round,Type_IV
S0493,23,Indigenous-Nepalese,103.9,107.9,96.29,176.8,144.2,81.56,58.9,28.9,48,6.37,14.03,33.3,97.0,83.7,101.1,Diamond,Type_V
S0494,22,Indo-Nepalese,119.9,116.3,103.1,172.2,130,75.49,63.6,29.6,51.0,8.96,14.93,36.9,100.1,92.9,100.8,Oval,Type_IV
S0495,22,Tibeto-Nepalese,118.4,148.5,79.73,195.8,158.7,81.05,68.4,40,68,9.16,15.95,34.7,130,101.9,134.7,Square,Type_IV
S0496,22,Indigenous-Nepalese,115.2,119.9,96.08,185.5,138.8,74.82,59.7,30.3,56.2,7.75,15.87,31.7,101.3,100.1,98.1,Oval,Type_III
S0497,21,Indigenous-Nepalese,127.0,131.6,96.5,185.8,150.2,80.84,66.8,33.2,59.2,7.05,12.82,35.0,117.1,96.6,123.1,Diamond,Type_V
S0498,25,Tibeto-Nepalese,123.3,131.3,93.91,187.2,156.7,83.71,61.1,32.4,59.9,7.64,13.98,37.2,110.8,91.5,116.0,Round,Type_V
S0499,24,Indigenous-Nepalese,121.3,135.2,89.72,178.4,141.8,79.48,67.9,29.6,58.9,7.96,14.64,33.7,119.6,94.2,117.2,Round,Type_III
S0500,24,Tibeto-Nepalese,129.3,120.8,107.04,167.5,137.6,82.15,69.0,33.2,57.5,8.43,11.7,34.3,105.3,87.8,108.6,Heart,Type_V
